station_id,event_id,start_date,end_date,duration,severity,intensity,peak_SSI,severity_hm3
9002,1,1964-11-22,1964-11-29,8,0.9431,0.1179,-1.4677,3.4819
9002,2,1965-06-15,1965-06-25,11,9.5252,0.8659,-2.9196,8.9683
9002,3,1965-07-09,1965-09-02,56,35.0754,0.6263,-2.7132,35.6547
9002,4,1965-09-14,1965-09-25,12,3.2518,0.271,-1.8347,3.24
9002,5,1982-04-15,1982-05-29,45,24.306,0.5401,-2.1486,82.296
9002,6,1982-06-16,1982-06-26,11,2.8621,0.2602,-1.8464,3.3696
9002,7,1983-12-06,1983-12-12,7,2.1459,0.3066,-1.7522,3.291
9002,8,1985-10-25,1985-11-07,14,1.5914,0.1137,-1.658,3.1951
9002,9,1985-11-22,1986-01-01,41,13.6438,0.3328,-2.2843,24.8651
9002,10,1986-06-16,1986-07-23,38,10.0585,0.2647,-2.2987,12.4969
9002,11,1986-08-08,1986-09-09,33,10.2599,0.3109,-2.4328,7.5997
9002,12,1986-11-06,1986-11-23,18,5.9954,0.3331,-2.0612,11.6614
9002,13,1986-12-05,1986-12-09,5,0.7443,0.1489,-1.6152,0.8035
9002,14,1987-05-02,1987-06-14,44,11.8382,0.269,-2.4368,20.3437
9002,15,1987-06-26,1987-07-03,8,4.621,0.5776,-2.3027,4.955
9002,16,1988-11-19,1989-04-06,139,62.7333,0.4513,-3.9219,240.9463
9002,17,1989-05-16,1989-05-29,14,3.1607,0.2258,-1.7384,6.9155
9002,18,1989-06-15,1989-07-04,20,5.0469,0.2523,-2.5776,5.5512
9002,19,1989-08-04,1989-11-05,94,22.8727,0.2433,-2.038,27.7811
9002,20,1989-11-19,1990-04-06,139,72.9548,0.5249,-3.7175,272.4434
9002,21,1990-05-07,1990-05-18,12,4.73,0.3942,-1.8934,13.7972
9002,22,1990-06-02,1990-06-11,10,1.4689,0.1469,-1.6674,2.7423
9002,23,1990-06-25,1990-10-29,127,75.9519,0.598,-3.2383,75.1041
9002,24,1990-11-16,1990-11-23,8,2.3811,0.2976,-1.7804,5.4458
9002,25,1991-08-20,1991-09-02,14,4.2326,0.3023,-1.8154,2.433
9002,26,1992-01-01,1992-03-24,84,39.1254,0.4658,-2.7524,192.9554
9002,27,1993-01-23,1993-02-28,37,5.6798,0.1535,-1.6506,39.7457
9002,28,1993-04-14,1993-04-23,10,0.1012,0.0101,-1.3174,0.769
9002,29,1994-08-20,1994-10-17,59,16.707,0.2832,-2.0447,15.6228
9002,30,1994-12-04,1994-12-20,17,10.9148,0.642,-2.1975,19.7493
9002,31,1995-04-07,1995-07-30,115,29.6363,0.2577,-2.2657,95.4279
9002,32,1995-08-15,1995-12-03,111,69.9676,0.6303,-3.2038,85.0556
9002,33,1995-12-15,1995-12-24,10,1.2584,0.1258,-1.6546,1.5155
9002,34,1996-05-29,1996-07-20,53,10.0688,0.19,-2.0213,14.2819
9002,35,1996-08-10,1996-09-17,39,8.6999,0.2231,-2.133,6.3521
9002,36,1997-03-10,1997-05-07,59,28.6566,0.4857,-2.5457,149.7347
9002,37,1997-06-22,1997-06-28,7,1.3511,0.193,-1.7108,1.9008
9002,38,1998-03-05,1998-03-09,5,0.4591,0.0918,-1.436,2.6974
9002,39,1998-07-11,1998-07-25,15,0.4607,0.0307,-1.4647,0.9504
9002,40,1999-06-23,1999-07-03,11,3.132,0.2847,-2.0342,3.8837
9002,41,1999-08-12,1999-09-05,25,2.005,0.0802,-1.7007,1.3807
9002,42,1999-10-11,1999-10-15,5,0.0856,0.0171,-1.3429,0.3767
9002,43,2000-01-29,2000-02-14,17,0.4961,0.0292,-1.4205,1.6304
9002,44,2000-03-01,2000-03-25,25,8.4145,0.3366,-1.8826,53.6829
9002,45,2000-09-03,2000-09-18,16,1.1091,0.0693,-1.5562,0.432
9002,46,2001-05-25,2001-06-23,30,3.4753,0.1158,-1.6292,6.2994
9002,47,2001-10-28,2001-11-10,14,3.4117,0.2437,-1.7457,6.2018
9002,48,2001-12-06,2002-02-06,63,31.9765,0.5076,-2.498,80.1697
9002,49,2002-03-24,2002-04-04,12,6.3687,0.5307,-1.978,38.5456
9002,50,2002-04-19,2002-05-04,16,11.59,0.7244,-2.326,50.1837
9002,51,2002-05-22,2002-06-04,14,4.2071,0.3005,-1.9831,7.1902
9002,52,2002-06-16,2002-08-01,47,10.9966,0.234,-2.6094,13.9942
9002,53,2002-08-16,2002-10-09,55,6.4877,0.118,-1.8545,6.3366
9002,54,2005-10-05,2005-10-10,6,1.6312,0.2719,-1.811,2.6542
9002,55,2006-02-12,2006-02-20,9,1.2956,0.144,-1.5081,9.5351
9002,56,2006-05-23,2006-06-09,18,5.0544,0.2808,-1.9991,8.7921
9002,57,2006-07-04,2006-07-16,13,0.6653,0.0512,-1.6768,1.1569
9002,58,2006-08-23,2006-09-01,10,0.3307,0.0331,-1.5356,0.1037
9002,59,2006-11-01,2006-11-17,17,1.4582,0.0858,-1.5764,3.9986
9002,60,2006-12-25,2007-01-31,38,21.7472,0.5723,-2.7077,55.722
9002,61,2007-10-24,2007-11-13,21,1.0899,0.0519,-1.4784,2.8858
9002,62,2007-12-25,2008-01-11,18,3.513,0.1952,-1.7014,6.7599
9002,63,2008-01-26,2008-03-20,55,24.6922,0.4489,-2.5116,120.0493
9002,64,2010-04-17,2010-04-29,13,0.53,0.0408,-1.4067,2.5039
9002,65,2011-01-24,2011-02-19,27,2.9771,0.1103,-1.6358,17.2368
9002,66,2011-04-15,2011-04-23,9,1.9458,0.2162,-1.6508,10.3922
9002,67,2011-05-19,2011-05-30,12,2.2649,0.1887,-1.7417,4.5567
9002,68,2011-10-27,2011-11-04,9,1.9633,0.2181,-1.6735,3.3679
9002,69,2011-11-21,2011-12-17,27,13.9167,0.5154,-2.6071,27.527
9002,70,2012-01-12,2012-01-29,18,5.519,0.3066,-2.0267,16.9992
9002,71,2012-03-11,2012-04-14,35,7.9071,0.2259,-2.0201,56.1738
9002,72,2012-06-02,2012-06-07,6,0.498,0.083,-1.5724,0.9452
9002,73,2012-08-22,2012-09-16,26,1.272,0.0489,-1.4837,0.413
9002,74,2013-01-10,2013-01-14,5,0.536,0.1072,-1.4838,0.3456
9002,75,2014-05-15,2014-05-20,6,0.4863,0.081,-1.4162,0.6774
9002,76,2015-12-15,2016-01-04,21,10.4208,0.4962,-2.0618,21.8851
9002,77,2016-10-30,2016-11-04,6,0.6025,0.1004,-1.4605,1.3807
9002,78,2016-12-08,2017-01-10,34,18.375,0.5404,-2.4169,39.8736
9002,79,2017-04-11,2017-11-05,209,176.3212,0.8436,-3.4363,269.7581
9002,80,2017-11-20,2017-11-30,11,2.7338,0.2485,-1.9487,6.8576
9002,81,2018-12-29,2019-01-21,24,13.5732,0.5655,-2.1626,37.298
9002,82,2019-03-27,2019-04-15,20,3.0868,0.1543,-1.5866,26.8021
9002,83,2019-05-08,2019-05-16,9,0.3825,0.0425,-1.451,1.1232
9002,84,2020-02-22,2020-02-28,7,1.4868,0.2124,-1.5801,13.1311
9002,85,2020-11-29,2020-12-04,6,0.981,0.1635,-1.5402,2.3449
9003,1,1961-03-30,1961-04-22,24,1.5735,0.0656,-1.5487,0.9958
9003,2,1964-01-22,1964-01-29,8,1.1167,0.1396,-1.7089,0.311
9003,3,1969-11-18,1969-12-01,14,1.4343,0.1025,-1.6342,0.381
9003,4,1970-07-13,1970-09-27,77,73.3732,0.9529,-2.6974,3.5083
9003,5,1970-12-01,1970-12-09,9,0.8493,0.0944,-1.4564,0.3034
9003,6,1970-12-22,1971-01-16,26,21.5862,0.8302,-2.5832,4.5686
9003,7,1971-03-11,1971-03-17,7,1.3645,0.1949,-1.6346,0.6821
9003,8,1973-09-22,1974-02-05,137,124.6303,0.9097,-3.5649,15.4734
9003,9,1974-04-23,1974-10-18,179,80.5703,0.4501,-3.4183,7.8669
9003,10,1975-01-06,1975-01-16,11,11.406,1.0369,-3.6742,1.9281
9003,11,1978-12-22,1978-12-30,9,0.3297,0.0366,-1.4076,0.0795
9003,12,1980-02-10,1980-02-21,12,2.6454,0.2205,-1.7165,0.5173
9003,13,1982-04-15,1982-07-11,88,38.0499,0.4324,-2.8659,7.2962
9003,14,1982-07-23,1982-07-28,6,0.4874,0.0812,-1.4561,0.0181
9003,15,1985-03-02,1985-03-13,12,1.3158,0.1097,-1.4998,0.7405
9003,16,1986-04-01,1986-04-05,5,0.7481,0.1496,-1.618,0.4213
9003,17,1986-08-02,1986-08-13,12,0.2246,0.0187,-1.4439,0.0084
9003,18,1986-11-23,1986-12-10,18,0.6465,0.0359,-1.435,0.2955
9003,19,1988-12-21,1989-02-25,67,29.3228,0.4377,-2.6819,6.7246
9003,20,1989-03-09,1989-04-04,27,19.5593,0.7244,-2.455,6.2929
9003,21,1989-05-28,1989-06-09,13,0.19,0.0146,-1.366,0.0325
9003,22,1989-06-23,1989-07-04,12,0.6205,0.0517,-1.4594,0.0285
9003,23,1989-08-05,1989-08-14,10,0.7365,0.0736,-1.6207,0.034
9003,24,1989-09-25,1989-10-10,16,8.5802,0.5363,-2.4455,0.5375
9003,25,1989-12-14,1989-12-23,10,1.1455,0.1146,-1.4715,0.3999
9003,26,1990-01-30,1990-04-06,67,58.5178,0.8734,-2.9027,14.665
9003,27,1990-05-08,1990-05-17,10,0.3568,0.0357,-1.496,0.0991
9003,28,1990-07-28,1990-08-11,15,0.649,0.0433,-1.4579,0.0278
9003,29,1992-01-25,1992-03-24,60,30.892,0.5149,-2.1928,8.4992
9003,30,1993-02-06,1993-03-03,26,8.395,0.3229,-2.0198,1.9528
9003,31,1994-03-25,1994-04-02,9,0.666,0.074,-1.4501,0.611
9003,32,1994-06-11,1994-09-22,104,33.4612,0.3217,-2.4442,1.9458
9003,33,1994-12-02,1994-12-14,13,1.6407,0.1262,-1.5001,0.5667
9003,34,1995-04-12,1995-08-20,131,57.514,0.439,-2.383,7.6987
9003,35,1996-05-23,1996-09-18,119,27.7054,0.2328,-2.2165,2.1609
9003,36,1997-04-04,1997-04-18,15,4.1746,0.2783,-1.8538,1.5142
9003,37,1998-07-19,1998-09-22,66,31.0503,0.4705,-2.1129,1.7294
9003,38,1999-06-16,1999-08-09,55,16.2691,0.2958,-2.4413,1.1075
9003,39,1999-10-27,1999-11-14,19,5.0433,0.2654,-1.7454,0.8129
9003,40,2000-01-26,2000-02-15,21,5.3175,0.2532,-1.9509,0.9513
9003,41,2000-03-06,2000-03-28,23,10.7,0.4652,-2.138,3.9237
9003,42,2000-06-04,2000-07-02,29,3.852,0.1328,-1.7671,0.3037
9003,43,2001-05-29,2001-07-03,36,3.73,0.1036,-1.6704,0.3681
9003,44,2001-10-31,2001-11-13,14,1.4285,0.102,-1.5394,0.3838
9003,45,2001-12-07,2002-01-02,27,11.7963,0.4369,-2.288,2.7117
9003,46,2002-01-16,2002-02-06,22,4.8362,0.2198,-1.8813,1.1324
9003,47,2002-03-26,2002-04-05,11,3.0802,0.28,-1.7527,1.4126
9003,48,2002-04-20,2002-05-04,15,10.1917,0.6794,-2.1839,2.637
9003,49,2002-05-29,2002-06-03,6,0.5683,0.0947,-1.5136,0.0816
9003,50,2006-11-03,2006-11-16,14,1.444,0.1031,-1.6786,0.3005
9003,51,2006-12-23,2007-01-31,40,23.9594,0.599,-2.243,5.7823
9003,52,2007-11-30,2007-12-08,9,0.1962,0.0218,-1.3334,0.1249
9003,53,2007-12-30,2008-01-06,8,0.6646,0.0831,-1.5582,0.1382
9003,54,2008-01-26,2008-03-07,42,15.2083,0.3621,-2.0311,3.8789
9003,55,2010-04-20,2010-05-03,14,2.8129,0.2009,-1.7317,0.9565
9003,56,2011-01-24,2011-02-21,29,2.8566,0.0985,-1.6599,0.5147
9003,57,2011-04-12,2011-04-24,13,4.8254,0.3712,-1.9383,1.5366
9003,58,2011-05-24,2011-06-05,13,1.1266,0.0867,-1.6163,0.1656
9003,59,2011-06-17,2011-07-12,26,3.767,0.1449,-1.614,0.2554
9003,60,2011-08-11,2011-09-18,39,2.2573,0.0579,-1.4679,0.0673
9003,61,2011-10-01,2011-11-04,35,33.2846,0.951,-2.7957,2.2015
9003,62,2011-11-26,2011-12-17,22,6.5871,0.2994,-1.9887,1.6771
9003,63,2012-01-17,2012-01-29,13,0.7761,0.0597,-1.5095,0.3334
9003,64,2012-03-15,2012-04-09,26,3.8745,0.149,-1.848,1.8868
9003,65,2012-06-27,2012-10-18,114,42.7489,0.375,-2.2968,2.561
9003,66,2016-10-02,2016-10-09,8,0.4154,0.0519,-1.6005,0.0569
9003,67,2016-10-28,2016-11-04,8,1.107,0.1384,-1.4967,0.2236
9003,68,2016-11-18,2016-11-22,5,0.0781,0.0156,-1.311,0.1165
9003,69,2016-12-14,2017-01-10,28,10.0349,0.3584,-2.0587,2.3819
9003,70,2017-04-19,2017-06-03,46,10.5766,0.2299,-2.0459,2.6943
9003,71,2017-06-15,2017-06-25,11,2.5321,0.2302,-1.6301,0.1924
9003,72,2017-07-29,2017-11-07,102,15.3006,0.15,-1.8916,1.3909
9003,73,2017-11-21,2017-11-30,10,1.8204,0.182,-1.5865,0.5135
9003,74,2019-01-08,2019-01-20,13,0.7873,0.0606,-1.3816,0.4006
9003,75,2019-03-30,2019-04-15,17,0.8168,0.048,-1.5402,0.6406
9003,76,2019-10-08,2019-10-13,6,0.3162,0.0527,-1.3899,0.0871
9004,1,1961-03-23,1961-04-10,19,1.6851,0.0887,-1.8294,0.9409
9004,2,1962-07-07,1962-07-19,13,0.3742,0.0288,-1.4704,0.1814
9004,3,1962-08-13,1962-09-16,35,2.8115,0.0803,-1.865,1.6744
9004,4,1964-01-13,1964-01-30,18,4.5136,0.2508,-1.8825,1.8282
9004,5,1964-07-28,1964-08-02,6,0.4974,0.0829,-1.5868,0.2506
9004,6,1964-09-16,1964-10-10,25,7.5898,0.3036,-1.8101,2.475
9004,7,1964-11-25,1964-11-29,5,1.3375,0.2675,-1.6997,0.8018
9004,8,1965-07-08,1965-07-16,9,0.5859,0.0651,-1.7841,0.1642
9004,9,1970-10-23,1970-11-11,20,1.1009,0.055,-1.8102,0.3154
9004,10,1970-12-28,1971-01-07,11,3.8753,0.3523,-2.159,2.1116
9004,11,1971-10-28,1971-11-03,7,0.3379,0.0483,-1.3729,0.051
9004,12,1974-06-08,1974-06-23,16,3.3348,0.2084,-3.1803,0.7497
9004,13,1974-07-06,1974-07-24,19,15.513,0.8165,-3.4312,2.9713
9004,14,1974-08-07,1974-08-31,25,16.6446,0.6658,-2.8783,4.1351
9004,15,1978-10-13,1978-10-17,5,8.3005,1.6601,-3.0013,2.5272
9004,16,1978-10-30,1978-11-27,29,29.3052,1.0105,-2.7239,14.0262
9004,17,1979-10-01,1979-10-08,8,1.4287,0.1786,-2.0401,0.4804
9004,18,1979-10-23,1979-10-27,5,0.6949,0.139,-1.4795,0.3161
9004,19,1979-12-10,1979-12-19,10,1.3082,0.1308,-1.5411,0.3154
9004,20,1980-02-10,1980-02-22,13,1.1905,0.0916,-1.5198,0.9288
9004,21,1980-04-11,1980-04-15,5,1.8769,0.3754,-1.9292,1.1465
9004,22,1980-05-01,1980-05-05,5,1.0729,0.2146,-1.5891,0.5409
9004,23,1980-07-21,1980-10-09,81,99.6313,1.23,-4.2217,22.8407
9004,24,1982-04-28,1982-05-06,9,1.1233,0.1248,-1.6656,0.4666
9004,25,1982-05-21,1982-05-30,10,0.8767,0.0877,-1.4846,0.7773
9004,26,1982-09-23,1982-10-06,14,3.1504,0.225,-1.8953,1.0092
9004,27,1983-06-10,1983-06-20,11,2.3911,0.2174,-1.8172,0.6288
9004,28,1983-10-29,1983-12-10,43,7.2982,0.1697,-1.7542,2.9909
9004,29,1984-04-24,1984-04-29,6,0.8302,0.1384,-1.5032,0.2324
9004,30,1984-07-08,1984-07-14,7,0.6153,0.0879,-1.52,0.2246
9004,31,1985-07-09,1985-08-02,25,6.7603,0.2704,-2.5564,1.9181
9004,32,1985-09-04,1985-10-01,28,8.5672,0.306,-2.3026,2.5442
9004,33,1985-10-16,1985-11-06,22,8.0648,0.3666,-2.0631,2.751
9004,34,1985-11-19,1986-01-01,44,14.6028,0.3319,-2.2685,7.2033
9004,35,1986-06-18,1986-08-13,57,5.9416,0.1042,-1.7975,2.2648
9004,36,1986-09-21,1986-11-15,56,12.7268,0.2273,-2.1614,4.1265
9004,37,1987-03-20,1987-03-24,5,0.0415,0.0083,-1.3022,0.0
9004,38,1987-05-02,1987-06-13,43,17.1874,0.3997,-3.1525,6.777
9004,39,1987-06-27,1987-07-04,8,9.5285,1.1911,-3.1313,1.8446
9004,40,1987-09-16,1987-09-23,8,1.794,0.2243,-1.8179,0.6278
9004,41,1988-11-01,1988-12-02,32,8.2837,0.2589,-1.8555,4.0548
9004,42,1988-12-17,1989-02-25,71,40.5048,0.5705,-2.5434,22.7555
9004,43,1989-03-12,1989-04-03,23,5.0195,0.2182,-1.866,4.822
9004,44,1989-05-15,1989-07-06,53,32.388,0.6111,-3.1808,9.1568
9004,45,1989-08-28,1989-11-05,70,22.8704,0.3267,-2.4376,8.2077
9004,46,1989-11-17,1990-04-05,140,84.6924,0.6049,-2.7734,58.6173
9004,47,1990-08-09,1990-08-23,15,1.3371,0.0891,-1.7744,0.5685
9004,48,1990-09-21,1990-10-28,38,16.2756,0.4283,-2.0657,5.0311
9004,49,1991-01-31,1991-02-09,10,1.6683,0.1668,-1.6076,0.8968
9004,50,1991-08-21,1991-08-30,10,0.1255,0.0126,-1.3642,0.1642
9004,51,1992-01-06,1992-03-23,78,23.56,0.3021,-2.1046,19.4089
9004,52,1993-01-14,1993-03-04,50,18.5739,0.3715,-2.2049,12.4407
9004,53,1993-03-29,1993-04-14,17,2.9649,0.1744,-1.6806,2.0287
9004,54,1994-03-26,1994-04-02,8,0.4254,0.0532,-1.7043,0.3974
9004,55,1994-06-14,1994-06-18,5,2.2368,0.4474,-1.9549,0.5173
9004,56,1994-07-03,1994-07-09,7,2.6866,0.3838,-1.8441,0.6644
9004,57,1994-12-03,1994-12-20,18,5.4933,0.3052,-1.7793,2.542
9004,58,1995-04-08,1995-04-22,15,4.1235,0.2749,-1.8752,2.4002
9004,59,1995-05-06,1995-05-12,7,3.1912,0.4559,-2.4203,1.4679
9004,60,1995-05-27,1995-06-20,25,5.9199,0.2368,-1.9659,2.0454
9004,61,1995-07-06,1995-07-11,6,1.8016,0.3003,-1.7122,0.4484
9004,62,1995-10-27,1995-12-03,38,11.2091,0.295,-1.9739,4.4099
9004,63,1995-12-15,1995-12-24,10,0.8437,0.0844,-1.5282,0.1037
9004,64,1996-06-09,1996-06-17,9,0.9607,0.1067,-1.7657,0.2655
9004,65,1996-09-06,1996-09-12,7,1.0059,0.1437,-1.487,0.5367
9004,66,1997-02-28,1997-04-27,59,28.5611,0.4841,-2.2445,23.7401
9004,67,1998-02-21,1998-03-09,17,0.9345,0.055,-1.4793,0.8873
9004,68,1998-03-27,1998-04-07,12,2.6163,0.218,-1.6397,1.9846
9004,69,1999-07-01,1999-07-05,5,0.8994,0.1799,-1.5763,0.2549
9004,70,2000-01-14,2000-02-14,32,10.5471,0.3296,-1.8256,6.1128
9004,71,2000-03-01,2000-03-27,27,11.4084,0.4225,-2.1109,11.0549
9004,72,2000-05-26,2000-06-01,7,0.2449,0.035,-1.3662,0.4144
9004,73,2000-06-20,2000-06-24,5,0.1638,0.0328,-1.3425,0.1608
9004,74,2001-02-23,2001-02-27,5,0.7989,0.1598,-1.5485,0.362
9004,75,2001-05-21,2001-06-23,34,8.9055,0.2619,-2.081,3.5219
9004,76,2001-10-28,2001-11-13,17,3.1366,0.1845,-1.6922,0.9971
9004,77,2001-11-27,2002-02-14,80,42.0764,0.526,-2.5861,21.4601
9004,78,2002-03-22,2002-04-03,13,7.3753,0.5673,-2.0935,6.3824
9004,79,2002-04-20,2002-05-04,15,15.0171,1.0011,-2.9237,6.8144
9004,80,2005-06-01,2005-07-07,37,10.2947,0.2782,-1.9733,3.3051
9004,81,2006-02-08,2006-02-20,13,3.4107,0.2624,-1.7764,2.389
9004,82,2006-04-13,2006-04-17,5,0.4224,0.0845,-1.386,0.0
9004,83,2006-12-26,2007-01-23,29,7.2551,0.2502,-1.6859,2.4356
9004,84,2007-11-04,2007-12-04,31,3.3408,0.1078,-1.7064,1.3781
9004,85,2007-12-26,2008-01-03,9,2.4477,0.272,-1.7022,1.1059
9004,86,2008-02-14,2008-03-04,20,8.5725,0.4286,-1.9399,7.8348
9004,87,2009-04-02,2009-04-07,6,0.9699,0.1616,-1.5521,0.6117
9004,88,2010-04-16,2010-04-26,11,0.6931,0.063,-1.4695,0.095
9004,89,2011-01-23,2011-02-21,30,4.2979,0.1433,-1.6798,2.7786
9004,90,2011-04-11,2011-04-24,14,1.5378,0.1098,-1.4937,0.362
9004,91,2012-03-16,2012-04-06,22,4.0854,0.1857,-1.7621,3.3126
9004,92,2014-05-11,2014-05-20,10,1.6405,0.1641,-1.5223,1.1648
9004,93,2015-04-18,2015-05-11,24,3.4997,0.1458,-1.697,1.7176
9004,94,2015-12-10,2016-01-03,25,9.1237,0.3649,-1.8415,4.4975
9004,95,2016-05-04,2016-05-08,5,0.9676,0.1935,-1.5305,0.4743
9004,96,2016-12-08,2017-01-10,34,14.1336,0.4157,-1.9852,7.3245
9004,97,2017-04-13,2017-05-24,42,22.9873,0.5473,-2.22,13.0898
9004,98,2017-07-20,2017-09-10,53,7.4724,0.141,-1.8703,3.6167
9004,99,2017-09-25,2017-11-05,42,25.8277,0.6149,-2.349,7.8468
9004,100,2018-12-29,2019-01-20,23,11.4663,0.4985,-2.182,5.6687
9004,101,2019-03-04,2019-04-09,37,8.467,0.2288,-1.9467,7.7665
9004,102,2019-04-24,2019-05-16,23,4.7648,0.2072,-1.8921,2.4937
9004,103,2019-06-25,2019-08-23,60,12.9705,0.2162,-1.8796,4.4687
9004,104,2020-02-15,2020-02-27,13,4.1673,0.3206,-1.9328,3.5787
9004,105,2020-03-29,2020-04-18,21,3.3671,0.1603,-1.7459,1.7487
9004,106,2020-05-22,2020-06-03,13,9.7955,0.7535,-2.3391,3.6112
9004,107,2020-06-21,2020-08-08,49,40.0606,0.8176,-2.5041,9.7011
9004,108,2020-08-28,2020-09-17,21,0.5479,0.0261,-1.3869,0.5924
9004,109,2020-11-23,2020-12-04,12,5.6944,0.4745,-1.9735,3.1864
9005,1,1982-05-01,1982-05-18,18,0.9064,0.0504,-1.3849,0.5691
9005,2,1983-09-13,1983-09-18,6,0.9552,0.1592,-1.4777,0.2015
9005,3,1986-07-30,1986-08-22,24,5.2495,0.2187,-1.682,0.9553
9005,4,1987-07-11,1987-07-21,11,0.2036,0.0185,-1.4147,0.07
9005,5,1987-08-20,1987-10-09,51,12.8147,0.2513,-2.0389,3.0667
9005,6,1989-01-15,1989-02-25,42,4.4395,0.1057,-1.5286,4.8515
9005,7,1989-03-16,1989-04-01,17,0.8611,0.0507,-1.5316,0.9062
9005,8,1989-05-17,1989-05-29,13,3.9806,0.3062,-1.7177,2.6762
9005,9,1989-06-18,1989-07-06,19,0.5074,0.0267,-1.4449,0.1834
9005,10,1989-07-18,1989-10-10,85,5.4992,0.0647,-1.7401,1.0564
9005,11,1989-12-31,1990-01-24,25,3.6821,0.1473,-1.6101,2.4693
9005,12,1990-03-13,1990-04-05,24,2.7614,0.1151,-1.5316,2.6157
9005,13,1990-07-02,1990-07-14,13,1.3208,0.1016,-1.4799,0.4253
9005,14,1992-01-26,1992-02-04,10,0.3451,0.0345,-1.4054,0.0138
9005,15,1992-03-04,1992-03-15,12,0.5644,0.047,-1.4557,1.2082
9005,16,1993-02-21,1993-03-03,11,0.1488,0.0135,-1.3834,0.4784
9005,17,1995-07-15,1995-10-05,83,23.8247,0.287,-2.119,6.3221
9005,18,1995-10-19,1995-11-13,26,10.3251,0.3971,-2.0129,4.936
9005,19,1996-06-28,1996-07-02,5,0.2906,0.0581,-1.4425,0.1244
9005,20,1997-03-16,1997-04-28,44,7.5397,0.1714,-1.7576,4.2149
9005,21,1998-07-12,1998-08-12,32,2.4255,0.0758,-1.7056,0.6591
9005,22,1998-08-25,1998-08-29,5,0.2749,0.055,-1.4573,0.019
9005,23,1999-03-19,1999-04-27,40,2.9007,0.0725,-1.561,1.3009
9005,24,1999-07-20,1999-08-05,17,16.5011,0.9707,-3.2289,4.3129
9005,25,1999-09-16,2000-04-10,208,117.774,0.5662,-3.4454,67.7593
9005,26,2000-05-01,2000-06-26,57,17.5624,0.3081,-2.5906,8.1931
9005,27,2000-08-28,2000-09-23,27,11.3634,0.4209,-3.5201,2.3665
9005,28,2000-10-09,2000-10-20,12,1.1226,0.0936,-1.6766,0.5668
9005,29,2000-11-12,2000-11-16,5,0.1399,0.028,-1.3611,0.2765
9005,30,2000-12-13,2000-12-22,10,1.5103,0.151,-1.5947,1.6269
9005,31,2001-02-15,2001-03-02,16,14.7469,0.9217,-4.7534,8.9041
9005,32,2001-03-18,2001-10-18,215,110.6164,0.5145,-4.7534,45.5128
9005,33,2001-12-18,2002-05-24,158,38.1061,0.2412,-1.9896,32.1165
9005,34,2002-06-14,2002-08-30,78,43.7408,0.5608,-2.3967,12.9007
9005,35,2002-09-12,2002-10-11,30,19.1189,0.6373,-2.3866,5.3785
9005,36,2002-12-13,2002-12-27,15,0.5664,0.0378,-1.4308,0.7802
9005,37,2003-01-14,2003-01-19,6,0.5422,0.0904,-1.4261,0.1538
9005,38,2003-03-19,2003-05-16,59,15.9841,0.2709,-1.8687,11.4951
9005,39,2003-05-31,2003-09-06,99,56.5509,0.5712,-3.2978,15.6925
9005,40,2003-12-12,2003-12-22,11,1.2516,0.1138,-1.571,1.4973
9005,41,2004-01-21,2004-04-22,93,18.945,0.2037,-2.1217,17.088
9005,42,2004-05-16,2004-05-27,12,3.6347,0.3029,-1.8923,2.3139
9005,43,2004-06-18,2004-11-15,151,39.2512,0.2599,-2.3177,12.077
9005,44,2004-12-15,2004-12-26,12,1.3752,0.1146,-1.6163,1.2995
9005,45,2005-01-13,2005-02-10,29,4.4679,0.1541,-1.7833,3.9174
9005,46,2005-06-04,2005-06-27,24,5.0758,0.2115,-1.7006,2.0582
9005,47,2005-10-05,2005-10-11,7,1.2049,0.1721,-1.8732,0.464
9005,48,2006-01-26,2006-01-31,6,0.4483,0.0747,-1.3814,0.0
9005,49,2006-04-08,2006-04-16,9,0.2281,0.0253,-1.3295,0.0
9005,50,2006-05-24,2006-07-01,39,15.2521,0.3911,-2.8938,6.0449
9005,51,2007-01-09,2007-01-23,15,2.5476,0.1698,-1.5136,1.5846
9005,52,2008-01-27,2008-03-22,56,5.8924,0.1052,-1.8407,7.1744
9005,53,2008-10-11,2008-12-04,55,49.9813,0.9088,-3.0013,22.746
9005,54,2008-12-29,2009-01-20,23,29.9303,1.3013,-2.932,16.2
9005,55,2009-05-31,2009-06-16,17,1.4509,0.0853,-1.8629,0.8186
9005,56,2010-07-06,2010-07-13,8,1.4699,0.1837,-1.5943,0.4899
9005,57,2011-02-03,2011-02-13,11,0.301,0.0274,-1.4442,0.3833
9005,58,2011-04-11,2011-06-06,57,39.8931,0.6999,-2.8918,23.1993
9005,59,2011-06-30,2011-07-11,12,2.9897,0.2491,-2.1474,0.9616
9005,60,2011-09-23,2011-09-27,5,0.4184,0.0837,-1.571,0.1226
9005,61,2011-10-28,2011-12-30,64,33.6729,0.5261,-2.6238,17.6611
9005,62,2012-01-11,2012-04-15,96,35.6167,0.371,-2.3085,29.8713
9005,63,2012-05-14,2012-06-26,44,4.4688,0.1016,-1.8941,2.4934
9005,64,2012-10-07,2012-10-18,12,1.9738,0.1645,-2.2964,0.826
9005,65,2013-01-10,2013-01-14,5,0.4249,0.085,-1.4693,0.2454
9005,66,2015-01-12,2015-01-16,5,0.2488,0.0498,-1.4169,0.1374
9005,67,2015-12-20,2016-01-03,15,4.0644,0.271,-2.0439,3.4318
9005,68,2016-01-31,2016-02-04,5,0.6085,0.1217,-1.4831,0.2293
9005,69,2016-05-04,2016-05-08,5,0.2013,0.0403,-1.4104,0.0685
9005,70,2016-07-25,2016-09-07,45,10.1434,0.2254,-1.7831,1.8547
9005,71,2016-10-29,2016-11-21,24,2.3916,0.0997,-1.6746,2.0351
9005,72,2016-12-04,2017-01-09,37,4.7606,0.1287,-1.8402,4.0582
9005,73,2017-04-20,2017-05-26,37,11.4899,0.3105,-1.9506,7.4013
9005,74,2017-06-07,2017-06-13,7,4.2684,0.6098,-2.3139,1.5947
9005,75,2017-08-22,2017-09-03,13,0.2989,0.023,-1.4346,0.019
9005,76,2017-09-21,2017-12-09,80,25.9568,0.3245,-2.0098,13.8465
9005,77,2018-12-08,2019-01-23,47,8.612,0.1832,-1.817,7.242
9005,78,2019-03-30,2019-04-07,9,0.5171,0.0575,-1.5671,0.095
9005,79,2019-04-20,2019-05-16,27,1.3561,0.0502,-1.4741,0.6185
9011,1,1961-08-24,1961-08-29,6,2.9872,0.4979,-2.3988,2.452
9011,2,1964-01-28,1964-02-16,20,2.1603,0.108,-1.6395,10.9836
9011,3,1964-05-12,1964-05-22,11,1.7157,0.156,-1.7532,4.1118
9011,4,1964-08-01,1964-08-10,10,4.7035,0.4704,-2.2297,3.6098
9011,5,1964-09-04,1964-09-27,24,3.575,0.149,-1.836,3.0802
9011,6,1965-07-15,1965-09-02,50,12.7382,0.2548,-2.3587,10.0932
9011,7,1965-09-18,1965-09-24,7,0.6947,0.0992,-1.6138,0.4657
9011,8,1967-07-03,1967-07-08,6,3.134,0.5223,-2.0376,3.3178
9011,9,1967-07-22,1967-08-06,16,10.0464,0.6279,-2.1866,7.8918
9011,10,1967-08-19,1967-08-26,8,5.2359,0.6545,-2.4162,3.9208
9011,11,1967-09-07,1967-09-22,16,13.9263,0.8704,-2.9813,10.5373
9011,12,1970-07-02,1970-09-27,88,69.3834,0.7884,-3.4821,51.7061
9011,13,1970-12-30,1971-01-11,13,1.7436,0.1341,-1.5944,3.3143
9011,14,1971-02-11,1971-02-17,7,1.2429,0.1776,-1.6141,7.3012
9011,15,1971-03-13,1971-03-19,7,0.5138,0.0734,-1.3902,5.4899
9011,16,1973-11-25,1973-12-01,7,1.4209,0.203,-1.5473,4.3978
9011,17,1974-01-25,1974-01-30,6,0.8542,0.1424,-1.5796,2.4209
9011,18,1981-11-18,1981-12-01,14,2.5004,0.1786,-1.58,8.9165
9011,19,1982-04-12,1982-05-28,47,20.9459,0.4457,-2.3196,81.353
9011,20,1982-09-08,1982-09-17,10,1.1856,0.1186,-1.6721,1.1379
9011,21,1982-09-29,1982-10-08,10,0.2837,0.0284,-1.4165,0.5789
9011,22,1983-10-27,1983-11-06,11,0.9951,0.0905,-1.5421,3.5502
9011,23,1983-11-25,1983-12-13,19,4.7755,0.2513,-2.0334,8.5208
9011,24,1985-10-12,1985-11-08,28,3.3564,0.1199,-1.8293,9.5947
9011,25,1985-11-23,1985-12-31,39,19.6841,0.5047,-2.5216,41.0884
9011,26,1986-07-20,1986-07-25,6,0.7223,0.1204,-1.4738,0.7171
9011,27,1986-10-28,1986-12-11,45,7.9722,0.1772,-2.0305,21.0306
9011,28,1987-05-11,1987-06-11,32,4.7328,0.1479,-1.8526,7.9023
9011,29,1987-07-01,1987-07-07,7,0.2645,0.0378,-1.3485,0.6981
9011,30,1987-09-16,1987-09-20,5,0.8163,0.1633,-1.5119,0.6903
9011,31,1988-11-19,1988-12-02,14,0.6929,0.0495,-1.4709,2.1946
9011,32,1988-12-16,1989-02-26,73,47.3671,0.6489,-3.7617,160.2935
9011,33,1989-03-11,1989-04-04,25,8.1721,0.3269,-1.9152,53.7175
9011,34,1989-05-17,1989-05-25,9,3.8864,0.4318,-1.9133,8.7007
9011,35,1989-06-15,1989-07-08,24,7.448,0.3103,-2.0295,10.1798
9011,36,1989-08-18,1989-09-07,21,5.9713,0.2843,-1.9959,5.0786
9011,37,1989-10-02,1989-11-07,37,20.8231,0.5628,-2.2335,33.9699
9011,38,1989-11-20,1990-04-08,140,66.7339,0.4767,-3.5741,240.7902
9011,39,1990-05-09,1990-05-19,11,3.6298,0.33,-1.9928,9.6612
9011,40,1990-06-27,1990-10-30,126,33.2809,0.2641,-2.2727,37.3326
9011,41,1990-11-20,1990-11-24,5,1.1131,0.2226,-1.7021,3.9485
9011,42,1992-01-04,1992-03-26,83,41.7348,0.5028,-2.571,198.5065
9011,43,1993-02-04,1993-03-01,26,5.7282,0.2203,-1.7905,34.0723
9011,44,1993-04-12,1993-04-16,5,0.4436,0.0887,-1.4415,2.624
9011,45,1993-09-15,1993-09-19,5,1.3191,0.2638,-1.8814,1.1655
9011,46,1994-08-25,1994-09-22,29,2.4881,0.0858,-1.6041,2.3293
9011,47,1994-12-07,1994-12-21,15,7.8936,0.5262,-2.1437,15.7671
9011,48,1995-04-06,1995-06-25,81,32.1379,0.3968,-2.2977,99.2347
9011,49,1995-07-21,1995-08-03,14,2.3712,0.1694,-1.7523,1.9647
9011,50,1995-08-18,1995-12-04,109,62.4697,0.5731,-2.8014,94.6607
9011,51,1996-05-29,1996-06-19,22,4.5535,0.207,-2.0649,7.0031
9011,52,1996-07-20,1996-07-26,7,0.4594,0.0656,-1.5519,0.3784
9011,53,1997-03-08,1997-05-24,78,26.4052,0.3385,-2.4454,149.0568
9011,54,2000-03-01,2000-03-28,28,6.8775,0.2456,-1.9111,43.4212
9011,55,2001-05-27,2001-06-10,15,3.7494,0.25,-1.7912,6.4024
9011,56,2001-10-31,2001-11-13,14,5.45,0.3893,-2.033,13.3531
9011,57,2001-12-06,2002-02-07,64,33.5828,0.5247,-2.709,92.67
9011,58,2002-03-24,2002-04-05,13,6.5638,0.5049,-1.9975,38.3659
9011,59,2002-04-19,2002-05-06,18,16.3689,0.9094,-3.1899,69.8461
9011,60,2002-05-22,2002-06-04,14,6.6375,0.4741,-2.4377,10.5864
9011,61,2002-06-17,2002-08-22,67,50.344,0.7514,-3.0269,43.7305
9011,62,2002-09-05,2002-10-09,35,9.4904,0.2712,-2.1463,10.2384
9011,63,2003-06-17,2003-07-15,29,3.0631,0.1056,-1.7251,5.1684
9011,64,2003-08-03,2003-08-12,10,0.9073,0.0907,-1.5508,0.5702
9011,65,2005-10-06,2005-10-11,6,1.2857,0.2143,-1.6198,2.3561
9011,66,2006-02-14,2006-02-21,8,0.9748,0.1218,-1.5395,6.1296
9011,67,2006-05-25,2006-06-10,17,7.2228,0.4249,-2.2523,11.4769
9011,68,2006-12-27,2007-01-29,34,15.1554,0.4457,-2.4245,41.3851
9011,69,2007-11-08,2007-11-14,7,0.6527,0.0932,-1.4647,3.0292
9011,70,2007-12-27,2008-01-05,10,1.904,0.1904,-1.5555,4.6578
9011,71,2008-01-26,2008-03-23,58,23.2117,0.4002,-2.2084,125.531
9011,72,2011-01-26,2011-02-21,27,2.3405,0.0867,-1.5909,13.0149
9011,73,2011-04-13,2011-04-22,10,1.7542,0.1754,-1.5969,12.4736
9011,74,2011-05-18,2011-05-31,14,5.5252,0.3947,-2.0239,10.8399
9011,75,2011-08-03,2011-08-27,25,7.8822,0.3153,-2.3571,6.105
9011,76,2011-10-05,2011-11-04,31,2.6614,0.0859,-1.6417,7.5298
9011,77,2011-11-22,2012-01-30,70,24.5213,0.3503,-2.4204,61.3996
9011,78,2012-02-26,2012-04-15,50,13.4762,0.2695,-2.298,81.8675
9011,79,2012-06-01,2012-06-09,9,1.6564,0.184,-1.747,2.7391
9011,80,2012-06-27,2012-07-01,5,0.7542,0.1508,-1.63,1.3012
9011,81,2012-07-13,2012-08-04,23,3.5867,0.1559,-1.8621,3.5208
9011,82,2012-08-23,2012-08-31,9,1.8652,0.2072,-1.6262,1.7349
9011,83,2013-01-02,2013-01-15,14,2.404,0.1717,-1.7719,5.4156
9011,84,2015-12-16,2016-01-04,20,9.2641,0.4632,-2.1269,25.4915
9011,85,2016-12-11,2017-01-11,32,16.5462,0.5171,-2.4062,44.1772
9011,86,2017-04-11,2017-06-01,52,40.8065,0.7847,-2.7645,144.4691
9011,87,2017-06-14,2017-06-25,12,8.9179,0.7432,-2.626,9.499
9011,88,2017-07-07,2017-08-27,52,7.9022,0.152,-1.9518,6.785
9011,89,2017-09-08,2017-11-06,60,29.4325,0.4905,-2.8455,38.0143
9011,90,2017-11-22,2017-12-02,11,6.3221,0.5747,-2.1798,16.0013
9011,91,2019-01-02,2019-01-22,21,12.7515,0.6072,-2.5172,34.169
9011,92,2019-03-06,2019-04-16,42,2.4362,0.058,-1.5637,20.1476
9011,93,2019-05-08,2019-05-16,9,1.5848,0.1761,-1.6611,4.7935
9011,94,2020-02-20,2020-02-29,10,2.2583,0.2258,-1.7902,12.8805
9013,1,1961-03-09,1961-04-06,29,4.8322,0.1666,-1.8929,1.1378
9013,2,1961-04-22,1961-05-26,35,15.0909,0.4312,-2.6081,12.0604
9013,3,1963-10-20,1963-10-30,11,7.0463,0.6406,-2.7495,1.4644
9013,4,1964-12-27,1965-01-11,16,0.1693,0.0106,-1.3356,0.0165
9013,5,1965-01-25,1965-01-29,5,0.5226,0.1045,-1.4134,0.1044
9013,6,1965-05-08,1965-05-17,10,2.1017,0.2102,-1.9865,1.4564
9013,7,1965-05-30,1965-06-24,26,0.3358,0.0129,-1.4245,0.4604
9013,8,1966-05-10,1966-05-16,7,0.7136,0.1019,-1.5006,0.3118
9013,9,1967-11-01,1967-11-14,14,2.1548,0.1539,-1.7975,0.581
9013,10,1968-10-12,1968-10-31,20,1.1812,0.0591,-1.8607,0.2769
9013,11,1970-03-28,1970-04-05,9,0.5487,0.061,-1.5236,0.0949
9013,12,1970-08-15,1970-08-23,9,1.948,0.2164,-1.7353,0.8138
9013,13,1970-09-06,1970-10-07,32,10.229,0.3197,-2.8835,1.8333
9013,14,1970-10-25,1970-11-18,25,4.0406,0.1616,-2.0871,1.0308
9013,15,1971-06-01,1971-06-20,20,5.2909,0.2645,-2.5307,4.597
9013,16,1971-09-05,1971-09-13,9,0.619,0.0688,-1.6146,0.1695
9013,17,1973-03-14,1973-04-27,45,9.4151,0.2092,-2.4377,2.6784
9013,18,1973-10-01,1973-10-12,12,0.3417,0.0285,-1.4737,0.0607
9013,19,1973-10-27,1973-12-19,54,16.5875,0.3072,-2.2859,3.0733
9013,20,1974-02-02,1974-03-16,43,23.9166,0.5562,-3.2383,3.5963
9013,21,1974-08-10,1974-08-18,9,2.3757,0.264,-2.2217,0.825
9013,22,1975-03-23,1975-04-14,23,2.7964,0.1216,-1.8156,0.8043
9013,23,1975-05-09,1975-05-18,10,0.4031,0.0403,-1.3889,0.0378
9013,24,1975-12-01,1975-12-09,9,0.2147,0.0239,-1.3705,0.0225
9013,25,1975-12-22,1975-12-28,7,0.341,0.0487,-1.3574,0.0574
9013,26,1976-04-20,1976-05-02,13,0.5561,0.0428,-1.5645,0.2755
9013,27,1977-03-26,1977-04-17,23,4.9958,0.2172,-2.4089,1.2197
9013,28,1977-09-10,1977-10-02,23,5.0603,0.22,-2.2088,0.9988
9013,29,1977-12-31,1978-01-29,30,5.6817,0.1894,-2.9069,0.6912
9013,30,1978-04-10,1978-04-22,13,2.3391,0.1799,-2.183,0.7803
9013,31,1978-09-24,1978-12-23,91,28.7187,0.3156,-2.8535,5.6712
9013,32,1979-11-18,1980-03-26,130,47.8106,0.3678,-3.0449,7.466
9013,33,1980-04-08,1980-06-03,57,20.1849,0.3541,-2.7318,13.3529
9013,34,1980-09-10,1980-09-29,20,6.5372,0.3269,-2.8256,1.2281
9013,35,1980-12-14,1981-03-07,84,13.0697,0.1556,-2.1875,2.0556
9013,36,1981-03-19,1981-03-25,7,2.2201,0.3172,-1.991,0.5034
9013,37,1981-05-04,1981-05-18,15,3.1521,0.2101,-1.9889,2.1136
9013,38,1981-08-16,1981-09-07,23,3.1453,0.1368,-2.0106,0.9399
9013,39,1981-10-22,1981-12-10,50,12.0509,0.241,-2.3379,2.5732
9013,40,1982-05-09,1982-05-13,5,1.3666,0.2733,-1.7564,0.8637
9013,41,1982-09-16,1982-09-20,5,2.0091,0.4018,-1.881,0.4648
9013,42,1984-07-30,1984-08-16,18,3.1903,0.1772,-2.6076,0.8946
9013,43,1984-08-28,1984-09-03,7,9.8576,1.4082,-2.8993,2.0944
9013,44,1985-03-17,1985-04-01,16,3.0061,0.1879,-2.5682,0.6306
9013,45,1985-05-09,1985-05-15,7,7.57,1.0814,-2.8891,5.5766
9013,46,1985-09-11,1985-10-20,40,4.756,0.1189,-2.1724,0.9919
9013,47,1985-11-02,1985-12-23,52,15.9462,0.3067,-3.0636,2.5155
9013,48,1986-01-20,1986-02-16,28,6.4993,0.2321,-2.1057,1.0005
9013,49,1986-07-20,1986-09-10,53,27.8003,0.5245,-3.2889,7.3516
9013,50,1987-06-12,1987-06-21,10,0.6557,0.0656,-1.5849,0.7708
9013,51,1988-12-24,1989-02-28,67,8.8194,0.1316,-1.9471,1.4314
9013,52,1989-03-19,1989-03-27,9,2.9866,0.3318,-1.806,0.6794
9013,53,1989-04-23,1989-05-05,13,1.3383,0.1029,-1.764,0.7721
9013,54,1989-06-04,1989-08-02,60,17.7266,0.2954,-2.8184,11.1279
9013,55,1989-08-20,1989-09-17,29,1.3122,0.0452,-1.676,0.4573
9013,56,1989-10-09,1989-11-12,35,5.3816,0.1538,-2.5635,1.0179
9013,57,1990-01-07,1990-01-22,16,1.3113,0.082,-1.9569,0.2008
9013,58,1990-03-04,1990-03-18,15,1.2468,0.0831,-1.7483,0.2704
9013,59,1990-04-01,1990-05-15,45,12.2926,0.2732,-2.3684,5.5185
9013,60,1990-07-09,1990-07-23,15,1.5239,0.1016,-1.8677,0.762
9013,61,1990-08-05,1990-08-27,23,4.7583,0.2069,-2.1336,1.6545
9013,62,1991-01-28,1991-02-15,19,0.5544,0.0292,-1.5463,0.0886
9013,63,1991-04-16,1991-06-04,50,19.7918,0.3958,-2.5712,14.4014
9013,64,1991-06-21,1991-09-24,96,29.7159,0.3095,-3.0409,10.209
9013,65,1991-11-02,1991-11-11,10,1.6091,0.1609,-2.3363,0.3523
9013,66,1991-11-24,1992-04-19,148,51.6588,0.349,-3.373,8.8927
9013,67,1992-05-05,1992-05-10,6,0.5144,0.0857,-1.6157,0.2644
9013,68,1993-01-24,1993-05-24,121,20.6516,0.1707,-2.2886,5.8305
9013,69,1993-07-18,1993-08-23,37,3.0769,0.0832,-1.9392,1.2178
9013,70,1994-04-11,1994-04-25,15,3.2014,0.2134,-2.0886,1.1016
9013,71,1994-07-24,1994-09-22,61,29.0209,0.4758,-2.9619,6.7858
9013,72,1994-11-27,1995-01-16,51,12.1481,0.2382,-2.7385,1.7243
9013,73,1995-03-30,1995-06-20,83,29.2262,0.3521,-3.2235,19.8043
9013,74,1995-07-02,1995-07-10,9,3.236,0.3596,-2.3889,1.6731
9013,75,1995-07-23,1995-08-03,12,4.74,0.395,-2.0721,1.7319
9013,76,1995-08-31,1995-09-10,11,0.575,0.0523,-1.5048,0.1877
9013,77,1995-10-22,1995-11-09,19,3.0023,0.158,-1.8095,0.78
9013,78,1997-06-16,1997-07-07,22,2.7673,0.1258,-2.1347,2.1069
9013,79,1997-08-02,1997-08-10,9,1.021,0.1134,-1.8022,0.3541
9013,80,1997-08-31,1997-11-03,65,2.7687,0.0426,-1.7848,0.6605
9013,81,1998-11-29,1998-12-15,17,0.2954,0.0174,-1.3684,0.0086
9013,82,1999-02-21,1999-03-11,19,0.587,0.0309,-1.4366,0.1083
9013,83,1999-04-03,1999-04-19,17,1.7237,0.1014,-1.8395,0.5058
9013,84,1999-06-09,1999-06-20,12,0.6901,0.0575,-1.6401,0.683
9013,85,1999-07-04,1999-07-12,9,0.9039,0.1004,-1.6973,0.4697
9013,86,2000-02-20,2000-03-05,15,1.2601,0.084,-1.4737,0.2375
9013,87,2000-03-26,2000-04-09,15,1.9326,0.1288,-2.1734,0.4476
9013,88,2001-11-04,2001-11-22,19,3.6685,0.1931,-2.346,0.9167
9013,89,2001-12-07,2002-03-10,94,20.6029,0.2192,-2.3762,3.0805
9013,90,2002-05-26,2002-05-30,5,0.1357,0.0271,-1.3703,0.1769
9013,91,2002-06-30,2002-07-08,9,2.4869,0.2763,-2.0535,1.3474
9013,92,2002-08-04,2002-08-18,15,3.4627,0.2308,-2.3876,1.0824
9013,93,2004-08-07,2004-08-16,10,0.2867,0.0287,-1.4506,0.1861
9013,94,2004-09-29,2004-10-19,21,6.5654,0.3126,-2.3579,1.2425
9013,95,2004-11-14,2004-12-07,24,5.3502,0.2229,-2.5218,1.077
9013,96,2004-12-19,2005-03-20,92,18.932,0.2058,-2.4871,3.0435
9013,97,2005-04-09,2005-04-24,16,1.3738,0.0859,-1.7021,0.4089
9013,98,2005-06-03,2005-07-31,59,9.1546,0.1552,-2.1489,6.0082
9013,99,2005-08-13,2005-10-12,61,23.2414,0.381,-2.8207,4.483
9013,100,2005-12-16,2006-01-29,45,9.33,0.2073,-2.3128,1.3461
9013,101,2006-04-28,2006-07-16,80,36.1531,0.4519,-2.9003,27.4135
9013,102,2007-01-10,2007-02-06,28,3.6559,0.1306,-3.2796,0.4489
9013,103,2007-03-15,2007-03-29,15,0.9011,0.0601,-1.6868,0.2037
9013,104,2007-06-01,2007-06-09,9,1.7301,0.1922,-2.0582,1.7252
9013,105,2007-06-25,2007-09-19,87,13.2481,0.1523,-2.6717,4.6187
9013,106,2007-10-21,2007-11-19,30,10.411,0.347,-2.4572,2.3796
9013,107,2007-12-02,2007-12-09,8,2.0831,0.2604,-2.2757,0.3288
9013,108,2007-12-22,2008-01-08,18,5.3106,0.295,-2.2231,0.7703
9013,109,2008-01-26,2008-04-06,72,8.799,0.1222,-2.0522,1.6025
9013,110,2008-09-09,2008-09-17,9,1.0642,0.1182,-1.6838,0.2716
9013,111,2008-10-03,2008-10-19,17,2.4615,0.1448,-1.8507,0.4839
9013,112,2009-06-24,2009-07-02,9,0.5713,0.0635,-1.5527,0.4084
9013,113,2009-10-06,2009-10-12,7,0.8957,0.128,-1.5861,0.1632
9013,114,2011-06-06,2011-07-09,34,0.8557,0.0252,-1.485,0.7719
9013,115,2011-08-24,2011-08-30,7,1.1938,0.1705,-2.1969,0.3499
9013,116,2011-09-14,2011-10-26,43,9.584,0.2229,-2.6319,1.8835
9013,117,2011-12-03,2011-12-19,17,1.544,0.0908,-1.5381,0.2462
9013,118,2012-01-29,2012-03-25,57,5.9767,0.1049,-2.1774,1.0606
9013,119,2012-04-17,2012-04-22,6,2.9209,0.4868,-2.1645,1.0848
9013,120,2012-07-13,2012-08-03,22,1.1705,0.0532,-1.7438,0.6203
9013,121,2012-08-19,2012-10-09,52,4.459,0.0858,-1.735,1.1118
9013,122,2013-09-23,2013-12-14,83,21.5117,0.2592,-2.4209,4.1954
9013,123,2014-10-05,2014-10-24,20,0.9977,0.0499,-1.6869,0.2348
9013,124,2014-12-20,2015-03-01,72,38.326,0.5323,-2.3901,5.1844
9013,125,2015-05-21,2015-06-04,15,7.3242,0.4883,-2.3333,6.8841
9013,126,2015-07-10,2015-07-30,21,2.1081,0.1004,-1.8175,1.0742
9013,127,2015-11-22,2016-01-07,47,5.6351,0.1199,-2.041,1.0081
9013,128,2016-01-24,2016-02-08,16,2.4527,0.1533,-2.1392,0.382
9013,129,2016-03-13,2016-03-18,6,0.5115,0.0853,-1.7689,0.1032
9013,130,2016-06-18,2016-06-22,5,2.1868,0.4374,-1.9922,1.944
9013,131,2016-08-06,2016-10-23,79,16.2487,0.2057,-1.9823,3.9206
9013,132,2016-12-25,2017-01-14,21,4.8973,0.2332,-2.0243,0.7132
9013,133,2017-07-01,2017-07-06,6,1.5665,0.2611,-1.7045,0.8503
9013,134,2017-07-19,2017-08-04,17,1.6527,0.0972,-1.8737,0.6747
9013,135,2017-08-20,2018-01-02,136,43.9419,0.3231,-2.6603,8.6809
9013,136,2018-01-17,2018-02-25,40,7.1351,0.1784,-2.235,1.047
9013,137,2019-04-12,2019-04-17,6,0.3591,0.0599,-1.4704,0.0896
9013,138,2019-10-03,2019-10-16,14,4.6585,0.3328,-1.8693,0.9225
9013,139,2020-01-05,2020-01-12,8,1.1589,0.1449,-1.9966,0.1678
9018,1,1961-09-02,1961-09-27,26,8.6547,0.3329,-1.9466,0.3096
9018,2,1962-08-14,1962-10-23,71,40.0964,0.5647,-2.5172,1.2185
9018,3,1964-09-07,1964-09-26,20,19.2702,0.9635,-2.4183,0.6003
9018,4,1965-08-10,1965-09-14,36,7.7839,0.2162,-1.8735,0.2087
9018,5,1965-11-01,1965-11-05,5,6.4579,1.2916,-3.6243,0.1651
9018,6,1966-08-17,1966-09-28,43,20.9384,0.4869,-2.101,0.7055
9018,7,1967-10-15,1967-10-20,6,2.0705,0.3451,-1.6694,0.0912
9018,8,1968-02-04,1968-02-08,5,3.7274,0.7455,-2.6129,0.2228
9018,9,1968-06-24,1968-08-21,59,35.8345,0.6074,-2.8378,1.0108
9018,10,1968-09-10,1968-09-14,5,2.0047,0.4009,-1.7231,0.0644
9018,11,1968-10-01,1968-10-25,25,15.1267,0.6051,-2.252,0.5476
9018,12,1970-10-17,1970-11-16,31,9.9189,0.32,-1.9138,0.5248
9018,13,1972-05-15,1972-05-21,7,3.9119,0.5588,-2.2128,0.7745
9018,14,1972-07-30,1972-08-08,10,4.0703,0.407,-1.8454,0.144
9018,15,1972-08-28,1972-09-16,20,1.4037,0.0702,-1.9267,0.0417
9018,16,1973-03-13,1973-04-27,46,14.6726,0.319,-2.0521,1.2186
9018,17,1973-05-09,1973-05-14,6,0.4606,0.0768,-1.5199,0.0969
9018,18,1973-09-13,1973-12-19,98,40.0664,0.4088,-2.4457,2.1603
9018,19,1974-01-22,1974-02-05,15,3.4122,0.2275,-1.7583,0.3207
9018,20,1974-02-28,1974-03-12,13,3.5277,0.2714,-1.7318,0.1792
9018,21,1974-04-28,1974-05-10,13,6.4189,0.4938,-2.0516,1.0102
9018,22,1974-06-11,1974-06-24,14,2.868,0.2049,-1.8513,0.2564
9018,23,1974-07-18,1974-07-27,10,1.7067,0.1707,-1.6093,0.0577
9018,24,1977-12-01,1977-12-05,5,0.5687,0.1137,-1.4669,0.0602
9018,25,1978-04-15,1978-05-03,19,2.8181,0.1483,-1.8255,0.2854
9018,26,1978-09-18,1978-09-29,12,1.8202,0.1517,-1.8751,0.0789
9018,27,1978-10-13,1978-10-17,5,0.5297,0.1059,-1.5028,0.0304
9018,28,1978-11-05,1978-12-07,33,6.4864,0.1966,-1.6251,0.5364
9018,29,1979-10-13,1979-10-17,5,2.2114,0.4423,-2.0731,0.0778
9018,30,1980-04-22,1980-05-05,14,5.2975,0.3784,-2.0952,0.793
9018,31,1981-10-20,1981-10-25,6,0.7866,0.1311,-1.4354,0.0401
9018,32,1981-11-13,1981-12-10,28,15.676,0.5599,-2.1252,0.9545
9018,33,1984-03-03,1984-03-14,12,3.3874,0.2823,-1.8663,0.1326
9018,34,1985-05-09,1985-05-15,7,2.0521,0.2932,-1.7933,0.4124
9018,35,1985-10-21,1985-11-03,14,0.353,0.0252,-1.3628,0.0156
9018,36,1985-11-17,1985-12-28,42,24.6585,0.5871,-3.4613,1.4284
9018,37,1986-07-16,1986-09-09,56,15.2843,0.2729,-2.3599,0.4945
9018,38,1987-03-22,1987-03-31,10,0.42,0.042,-1.4308,0.0015
9018,39,1987-05-05,1987-06-11,38,6.06,0.1595,-1.9555,1.146
9018,40,1987-09-26,1987-10-01,6,2.6844,0.4474,-2.0918,0.1087
9018,41,1988-09-21,1989-02-24,157,155.0794,0.9878,-3.1502,7.3837
9018,42,1991-08-05,1991-09-02,29,13.8321,0.477,-2.1463,0.3729
9018,43,1991-09-16,1991-09-25,10,1.7763,0.1776,-1.9309,0.071
9018,44,1993-03-03,1993-03-17,15,4.8982,0.3265,-2.0094,0.223
9018,45,1993-07-18,1993-08-22,36,11.2982,0.3138,-2.3566,0.3145
9018,46,1993-09-04,1993-09-12,9,1.8646,0.2072,-1.6625,0.0601
9018,47,1994-08-14,1994-09-04,22,1.1245,0.0511,-1.4919,0.032
9018,48,1995-07-12,1995-09-06,57,23.8146,0.4178,-2.3602,0.7347
9018,49,1995-10-13,1995-11-09,28,7.0345,0.2512,-2.1592,0.3317
9018,50,1996-11-01,1996-11-10,10,0.5402,0.054,-1.5234,0.0325
9018,51,1998-03-24,1998-03-28,5,6.4687,1.2937,-3.2346,0.2568
9018,52,1998-04-09,1998-04-20,12,5.5007,0.4584,-2.5162,0.4181
9018,53,1998-06-16,1998-06-24,9,0.7726,0.0858,-1.8066,0.1174
9018,54,1998-07-11,1998-08-08,29,3.3507,0.1155,-1.6865,0.1429
9018,55,1998-10-31,1999-02-16,109,42.094,0.3862,-2.504,2.8922
9018,56,1999-02-28,1999-04-20,52,10.7909,0.2075,-2.4355,0.7911
9018,57,1999-06-06,1999-07-17,42,6.5824,0.1567,-1.8502,0.6265
9018,58,2000-02-08,2000-04-12,65,8.3158,0.1279,-2.1265,0.4656
9018,59,2000-08-10,2000-08-17,8,0.2335,0.0292,-1.4043,0.0105
9018,60,2000-10-29,2000-11-12,15,0.4469,0.0298,-1.4695,0.0302
9018,61,2001-06-17,2001-07-26,40,7.4457,0.1861,-1.8947,0.36
9018,62,2001-10-11,2001-11-01,22,1.4729,0.067,-1.6193,0.0789
9018,63,2001-12-21,2001-12-26,6,0.4622,0.077,-1.3718,0.0708
9018,64,2002-02-09,2002-03-16,36,3.0099,0.0836,-1.9846,0.2026
9018,65,2002-03-29,2002-05-13,46,17.8519,0.3881,-2.5214,2.0384
9018,66,2002-05-28,2002-06-03,7,2.7377,0.3911,-1.9101,0.3484
9018,67,2002-06-19,2002-07-05,17,4.6751,0.275,-2.0232,0.2206
9018,68,2002-11-02,2002-12-16,45,2.0554,0.0457,-1.6048,0.1695
9018,69,2003-01-11,2003-02-24,45,6.9507,0.1545,-1.9224,0.603
9018,70,2003-04-05,2003-04-13,9,2.7477,0.3053,-2.049,0.1735
9018,71,2003-06-18,2003-07-11,24,6.7963,0.2832,-2.1161,0.3561
9018,72,2003-12-27,2004-01-06,11,0.8184,0.0744,-1.5981,0.1339
9018,73,2004-01-19,2004-03-11,53,4.9126,0.0927,-1.8087,0.4443
9018,74,2004-03-25,2004-03-29,5,2.0575,0.4115,-1.8697,0.1039
9018,75,2004-04-11,2004-04-21,11,9.7372,0.8852,-2.4136,0.8575
9018,76,2004-05-06,2004-05-11,6,5.3649,0.8941,-2.7217,0.8416
9018,77,2004-06-20,2004-07-20,31,2.6,0.0839,-1.7633,0.1176
9018,78,2005-03-29,2005-04-21,24,6.8478,0.2853,-1.9256,0.4511
9018,79,2005-05-24,2005-06-25,33,8.0048,0.2426,-1.9101,0.9234
9018,80,2006-01-22,2006-01-29,8,0.0507,0.0063,-1.2956,0.035
9018,81,2006-02-11,2006-03-07,25,3.4826,0.1393,-1.9667,0.276
9018,82,2006-04-30,2006-07-02,64,18.8921,0.2952,-2.6614,2.7586
9018,83,2007-02-22,2007-02-26,5,0.6303,0.1261,-1.6363,0.0544
9018,84,2007-03-11,2007-03-27,17,3.5415,0.2083,-2.1089,0.1562
9018,85,2007-06-02,2007-06-09,8,4.4451,0.5556,-2.44,0.3789
9018,86,2007-06-24,2007-06-28,5,2.9991,0.5998,-2.127,0.1436
9018,87,2008-01-09,2008-02-12,35,3.1578,0.0902,-1.772,0.3218
9018,88,2008-02-28,2008-03-07,9,2.7323,0.3036,-1.6694,0.1594
9018,89,2008-03-20,2008-03-26,7,4.8906,0.6987,-2.2391,0.2477
9018,90,2009-03-01,2009-03-11,11,5.0904,0.4628,-2.6298,0.2245
9018,91,2009-03-29,2009-04-14,17,10.4362,0.6139,-3.0042,0.5297
9018,92,2009-06-20,2009-07-27,38,17.3473,0.4565,-4.084,0.6761
9018,93,2010-01-23,2010-03-08,45,33.052,0.7345,-2.8811,1.8038
9018,94,2010-05-06,2010-05-18,13,3.3759,0.2597,-2.1904,0.626
9018,95,2010-12-19,2011-01-01,14,0.32,0.0229,-1.4112,0.0488
9018,96,2011-03-04,2011-03-29,26,2.2732,0.0874,-1.6342,0.0657
9018,97,2011-04-17,2011-06-09,54,17.4859,0.3238,-2.1821,2.8701
9018,98,2011-10-14,2011-10-19,6,0.0891,0.0148,-1.3218,0.0089
9018,99,2012-03-27,2012-05-03,38,8.125,0.2138,-2.0433,0.7519
9018,100,2012-05-30,2012-06-25,27,2.5234,0.0935,-1.6363,0.1697
9018,101,2012-12-21,2013-01-13,24,7.3609,0.3067,-1.865,0.6815
9018,102,2013-02-24,2013-03-04,9,0.7518,0.0835,-1.6821,0.0576
9018,103,2013-03-19,2013-03-23,5,2.2074,0.4415,-1.9146,0.1105
9018,104,2015-05-16,2015-06-09,25,8.1879,0.3275,-2.1818,1.3152
9018,105,2016-03-08,2016-03-17,10,0.1695,0.017,-1.3822,0.0016
9018,106,2017-03-24,2017-04-07,15,1.215,0.081,-1.6192,0.0327
9018,107,2017-04-27,2017-05-10,14,5.9453,0.4247,-2.2386,0.8517
9018,108,2017-06-02,2017-06-08,7,0.7636,0.1091,-1.5675,0.0573
9018,109,2017-06-22,2017-06-27,6,0.5139,0.0857,-1.5335,0.0065
9018,110,2019-03-14,2019-05-07,55,14.5502,0.2645,-2.4007,1.0919
9018,111,2019-05-30,2019-07-04,36,2.5845,0.0718,-1.6832,0.2799
9018,112,2020-01-03,2020-01-20,18,2.5505,0.1417,-1.6042,0.3503
9018,113,2020-02-08,2020-03-01,23,0.9957,0.0433,-1.5214,0.1458
9018,114,2020-03-28,2020-04-05,9,2.5891,0.2877,-1.8812,0.1089
9018,115,2020-06-16,2020-07-04,19,2.1187,0.1115,-1.593,0.0608
9018,116,2020-12-20,2020-12-31,12,0.5646,0.047,-1.7087,0.0613
9020,1,1966-09-10,1966-10-03,24,19.8696,0.8279,-2.572,0.1342
9020,2,1967-04-26,1967-04-30,5,1.4561,0.2912,-1.7793,0.1934
9020,3,1967-10-16,1967-10-31,16,2.0174,0.1261,-1.6815,0.0584
9020,4,1968-09-23,1968-10-31,39,18.6886,0.4792,-2.2342,0.431
9020,5,1970-03-01,1970-03-18,18,17.9954,0.9997,-2.7963,0.5187
9020,6,1970-04-05,1970-04-13,9,1.7339,0.1927,-1.5811,0.1078
9020,7,1971-04-01,1971-04-06,6,1.6121,0.2687,-1.7192,0.0783
9020,8,1971-09-11,1971-09-18,8,0.372,0.0465,-1.3549,0.0062
9020,9,1973-02-24,1973-04-27,63,38.0874,0.6046,-2.8049,2.1952
9020,10,1973-07-29,1973-08-09,12,10.9925,0.916,-2.9774,0.0842
9020,11,1973-11-23,1973-12-19,27,20.1741,0.7472,-2.7414,0.4041
9020,12,1975-03-17,1975-04-13,28,5.519,0.1971,-1.7209,0.2415
9020,13,1976-04-17,1976-04-24,8,0.5978,0.0747,-1.6221,0.0666
9020,14,1976-12-13,1976-12-17,5,1.6806,0.3361,-1.7011,0.0325
9020,15,1977-04-11,1977-04-22,12,0.4074,0.0339,-1.4233,0.0495
9020,16,1977-09-23,1977-10-06,14,4.13,0.295,-1.9183,0.0386
9020,17,1978-10-26,1978-12-01,37,32.1516,0.869,-2.7334,1.087
9020,18,1980-04-26,1980-05-02,7,3.2477,0.464,-1.9777,0.4323
9020,19,1981-11-08,1981-12-11,34,9.4748,0.2787,-2.7037,0.2175
9020,20,1983-04-25,1983-04-30,6,0.6767,0.1128,-1.6559,0.0906
9020,21,1983-05-24,1983-05-28,5,1.8847,0.3769,-1.8423,0.3802
9020,22,1984-05-13,1984-05-29,17,4.3854,0.258,-2.0861,0.8103
9020,23,1985-03-10,1985-04-01,23,9.1132,0.3962,-1.8883,0.3955
9020,24,1985-05-12,1985-05-19,8,0.7867,0.0983,-1.5907,0.1564
9020,25,1985-09-27,1985-11-11,46,14.9917,0.3259,-2.0785,0.3672
9020,26,1985-11-27,1986-01-14,49,7.0064,0.143,-1.6118,0.1729
9020,27,1986-02-11,1986-02-15,5,3.6263,0.7253,-2.8962,0.0817
9020,28,1986-07-18,1986-08-19,33,3.373,0.1022,-1.7632,0.0268
9020,29,1986-12-03,1986-12-25,23,7.6397,0.3322,-1.8646,0.1744
9020,30,1987-03-21,1987-03-29,9,2.0297,0.2255,-1.6362,0.0674
9020,31,1988-09-04,1988-09-16,13,2.0684,0.1591,-1.4696,0.027
9020,32,1989-08-29,1989-09-19,22,3.0716,0.1396,-1.7579,0.0307
9020,33,1990-04-04,1990-04-26,23,9.227,0.4012,-2.0564,0.776
9020,34,1991-02-22,1991-03-04,11,0.0883,0.008,-1.3369,0.0074
9020,35,1991-04-26,1991-05-20,25,9.6422,0.3857,-2.2562,1.5889
9020,36,1992-03-26,1992-04-17,23,10.5832,0.4601,-1.984,0.6265
9020,37,1993-03-10,1993-04-27,49,8.9898,0.1835,-1.8756,0.5764
9020,38,1993-07-28,1993-09-22,57,18.5323,0.3251,-2.0966,0.1661
9020,39,1994-04-11,1994-04-21,11,0.8484,0.0771,-1.5186,0.1044
9020,40,1994-08-08,1994-08-30,23,0.8906,0.0387,-1.4845,0.0062
9020,41,1995-03-16,1995-04-01,17,1.3972,0.0822,-1.7866,0.0621
9020,42,1995-04-13,1995-05-02,20,23.1216,1.1561,-3.1609,1.898
9020,43,1995-05-22,1995-06-07,17,5.1777,0.3046,-1.7919,1.0351
9020,44,1995-11-06,1995-12-02,27,2.712,0.1004,-1.9681,0.1189
9020,45,1997-04-22,1997-04-26,5,1.4637,0.2927,-1.8121,0.1594
9020,46,1997-11-01,1997-11-05,5,0.1506,0.0301,-1.3823,0.0057
9020,47,1998-01-27,1998-02-14,19,5.2584,0.2768,-1.7808,0.149
9020,48,1998-05-24,1998-07-31,69,13.5586,0.1965,-2.1189,0.9457
9020,49,1998-09-02,1998-09-10,9,0.9498,0.1055,-1.6993,0.0102
9020,50,1998-11-21,1998-12-30,40,7.6773,0.1919,-2.2288,0.2113
9020,51,1999-02-10,1999-02-25,16,1.4094,0.0881,-1.6186,0.0379
9020,52,1999-07-09,1999-07-15,7,0.9403,0.1343,-1.5392,0.0594
9020,53,1999-08-15,1999-08-26,12,1.8983,0.1582,-1.5619,0.0202
9020,54,2000-01-05,2000-02-10,37,17.2546,0.4663,-2.2151,0.4423
9020,55,2000-11-11,2000-11-22,12,0.9393,0.0783,-1.5297,0.048
9020,56,2001-06-20,2001-07-14,25,2.325,0.093,-1.7172,0.1831
9020,57,2001-07-26,2001-08-13,19,1.5174,0.0799,-1.4774,0.0
9020,58,2001-09-18,2001-10-19,32,4.6136,0.1442,-1.7577,0.0529
9020,59,2001-11-01,2002-03-12,132,82.8695,0.6278,-3.2472,1.8497
9020,60,2003-07-19,2003-08-14,27,4.0101,0.1485,-1.6577,0.0539
9020,61,2004-10-02,2004-10-19,18,5.4079,0.3004,-1.8284,0.1069
9020,62,2004-12-03,2005-01-24,53,27.9596,0.5275,-2.51,0.5821
9020,63,2005-02-07,2005-03-14,36,14.3803,0.3995,-2.2634,0.439
9020,64,2005-07-15,2005-08-19,36,2.5584,0.0711,-1.5053,0.0227
9020,65,2005-11-01,2005-11-12,12,5.4775,0.4565,-2.1973,0.2157
9020,66,2005-12-29,2006-01-04,7,0.506,0.0723,-1.3657,0.0016
9020,67,2006-05-25,2006-08-08,76,29.9924,0.3946,-2.4706,4.052
9020,68,2007-05-30,2007-08-06,69,20.786,0.3012,-2.3034,1.5828
9020,69,2007-09-07,2007-10-03,27,19.7329,0.7308,-2.8812,0.1136
9020,70,2007-11-15,2007-11-19,5,0.7046,0.1409,-1.6153,0.034
9020,71,2007-12-01,2007-12-07,7,0.1684,0.0241,-1.3916,0.0149
9020,72,2007-12-22,2008-01-17,27,5.7481,0.2129,-1.893,0.1187
9020,73,2008-02-01,2008-03-05,34,5.5741,0.1639,-1.8399,0.1627
9020,74,2009-10-10,2009-10-17,8,1.0854,0.1357,-1.5846,0.0258
9020,75,2009-12-16,2009-12-21,6,2.5874,0.4312,-1.9573,0.0482
9020,76,2010-02-12,2010-02-25,14,2.2631,0.1617,-1.6363,0.0612
9020,77,2011-01-02,2011-03-09,67,8.9034,0.1329,-1.7146,0.2991
9020,78,2011-05-18,2011-06-03,17,7.3014,0.4295,-2.0987,1.4412
9020,79,2011-09-04,2011-11-02,60,28.1188,0.4686,-2.3816,0.4583
9020,80,2011-12-15,2011-12-19,5,0.8667,0.1733,-1.5459,0.0144
9020,81,2012-01-21,2012-02-24,35,8.4731,0.2421,-2.7727,0.2269
9020,82,2012-07-11,2012-09-28,80,30.9243,0.3866,-2.0364,0.3557
9020,83,2012-10-13,2012-10-18,6,1.0911,0.1819,-1.6313,0.0168
9020,84,2013-10-23,2013-11-04,13,2.8331,0.2179,-1.6843,0.1178
9020,85,2015-05-24,2015-05-28,5,0.9116,0.1823,-1.6152,0.2013
9020,86,2016-03-15,2016-03-30,16,5.6336,0.3521,-2.1184,0.2295
9020,87,2016-07-31,2016-09-13,45,27.504,0.6112,-2.527,0.2249
9020,88,2016-10-04,2016-10-12,9,1.2395,0.1377,-1.8865,0.0224
9020,89,2016-12-24,2017-02-06,45,24.7652,0.5503,-2.6586,0.551
9020,90,2017-07-08,2017-09-14,69,25.9131,0.3756,-2.4417,0.3005
9020,91,2017-11-09,2017-11-13,5,8.6026,1.7205,-3.4687,0.2459
9020,92,2017-12-04,2017-12-28,25,6.6996,0.268,-1.9061,0.1481
9020,93,2019-08-06,2019-08-19,14,4.9234,0.3517,-2.064,0.0435
9020,94,2019-09-26,2019-10-14,19,13.9619,0.7348,-2.2669,0.1646
9020,95,2020-08-06,2020-08-21,16,3.2324,0.202,-1.6977,0.031
9021,1,1962-02-15,1962-02-22,8,0.8525,0.1066,-1.4521,0.0034
9021,2,1962-03-06,1962-03-25,20,5.3661,0.2683,-1.845,0.2503
9021,3,1962-08-26,1962-09-25,31,9.6715,0.312,-1.9404,0.1418
9021,4,1963-02-12,1963-03-05,22,3.2616,0.1483,-1.7231,0.1017
9021,5,1964-12-20,1965-02-22,65,19.1589,0.2948,-1.7934,0.4908
9021,6,1966-09-22,1966-09-26,5,0.6812,0.1362,-1.6116,0.0071
9021,7,1968-11-01,1968-11-28,28,13.0944,0.4677,-2.8011,0.5202
9021,8,1969-03-28,1969-04-01,5,1.4182,0.2836,-1.802,0.1089
9021,9,1970-09-02,1970-09-09,8,1.7249,0.2156,-1.8742,0.0225
9021,10,1971-09-14,1971-09-18,5,0.2965,0.0593,-1.3903,0.0163
9021,11,1971-11-02,1971-11-20,19,3.6058,0.1898,-1.9141,0.1611
9021,12,1972-04-20,1972-04-29,10,2.1701,0.217,-1.6936,0.2137
9021,13,1972-12-19,1973-01-16,29,12.6337,0.4356,-2.289,0.394
9021,14,1973-02-22,1973-03-16,23,11.5669,0.5029,-3.3961,0.4338
9021,15,1973-03-31,1973-07-19,111,40.5657,0.3655,-3.2166,3.4753
9021,16,1973-08-29,1973-09-17,20,3.4682,0.1734,-2.545,0.038
9021,17,1973-11-13,1973-12-16,34,8.7929,0.2586,-4.2385,0.3443
9021,18,1974-01-02,1974-01-07,6,2.1539,0.359,-2.0839,0.068
9021,19,1974-01-23,1974-02-05,14,5.1907,0.3708,-2.8349,0.1178
9021,20,1974-02-22,1974-03-12,19,6.5253,0.3434,-2.493,0.2268
9021,21,1974-04-19,1974-05-09,21,1.9007,0.0905,-1.7356,0.1754
9021,22,1974-07-04,1974-07-11,8,1.3587,0.1698,-1.6304,0.0896
9021,23,1974-12-20,1975-01-03,15,4.8294,0.322,-2.0584,0.1717
9021,24,1975-02-23,1975-02-28,6,3.0323,0.5054,-2.0668,0.1052
9021,25,1975-05-02,1975-05-28,27,6.6665,0.2469,-2.0178,0.7528
9021,26,1975-07-12,1975-07-18,7,4.1542,0.5935,-2.2128,0.1717
9021,27,1975-10-29,1975-11-11,14,6.1799,0.4414,-2.9014,0.2113
9021,28,1976-04-14,1976-05-02,19,3.0101,0.1584,-1.9402,0.253
9021,29,1976-06-04,1976-06-18,15,9.6914,0.6461,-2.343,1.224
9021,30,1976-11-25,1976-12-19,25,6.2881,0.2515,-2.0799,0.2748
9021,31,1977-09-04,1977-10-01,28,10.5762,0.3777,-2.7589,0.1562
9021,32,1978-08-09,1978-08-28,20,10.4533,0.5227,-2.3765,0.1278
9021,33,1978-09-14,1978-10-14,31,12.0153,0.3876,-2.7589,0.2206
9021,34,1978-10-31,1978-12-01,32,17.7615,0.555,-2.2086,0.7433
9021,35,1980-04-25,1980-05-03,9,1.9541,0.2171,-1.6871,0.1846
9021,36,1983-09-28,1983-10-07,10,2.6638,0.2664,-2.0522,0.0524
9021,37,1983-10-23,1983-10-28,6,0.6552,0.1092,-1.4501,0.0194
9021,38,1984-04-02,1984-04-09,8,1.6242,0.203,-1.5973,0.0983
9021,39,1984-08-02,1984-08-08,7,0.4418,0.0631,-1.3992,0.0062
9021,40,1985-09-21,1985-10-03,13,2.7503,0.2116,-1.733,0.0528
9021,41,1985-10-15,1985-10-25,11,2.776,0.2524,-1.818,0.0982
9021,42,1986-02-11,1986-02-16,6,5.8324,0.9721,-3.2859,0.1706
9021,43,1986-08-24,1986-09-08,16,2.498,0.1561,-1.4742,0.0086
9021,44,1989-04-02,1989-04-09,8,1.5444,0.1931,-1.7271,0.1052
9021,45,1990-03-25,1990-05-20,57,14.4899,0.2542,-2.213,1.3023
9021,46,1992-04-09,1992-04-16,8,0.282,0.0352,-1.4102,0.0022
9021,47,1994-07-10,1994-07-19,10,0.0166,0.0017,-1.29,0.0017
9021,48,1994-08-09,1994-09-18,41,19.0762,0.4653,-3.4613,0.2413
9021,49,1995-04-15,1995-06-07,54,17.4968,0.324,-2.1002,1.9283
9021,50,1995-09-02,1995-09-11,10,0.9234,0.0923,-1.5201,0.0078
9021,51,1995-10-28,1995-11-28,32,2.6367,0.0824,-1.5604,0.1381
9021,52,1997-04-29,1997-05-03,5,0.3404,0.0681,-1.3917,0.0022
9021,53,1998-04-08,1998-08-12,127,52.5831,0.414,-2.4299,3.6201
9021,54,1999-02-07,1999-03-02,24,5.6846,0.2369,-2.1545,0.1562
9021,55,2000-01-24,2000-02-22,30,10.2226,0.3408,-1.8827,0.2825
9021,56,2000-03-20,2000-04-15,27,5.5442,0.2053,-1.7604,0.4085
9021,57,2001-06-08,2001-07-14,37,3.3435,0.0904,-1.7692,0.2809
9021,58,2001-09-07,2001-11-11,66,26.64,0.4036,-2.3702,0.7786
9021,59,2001-11-23,2002-02-07,77,44.4172,0.5768,-4.3396,1.2578
9021,60,2002-03-28,2002-04-06,10,4.2639,0.4264,-2.0342,0.324
9021,61,2003-07-26,2003-08-16,22,3.5077,0.1594,-1.7726,0.0583
9021,62,2004-09-29,2004-12-06,69,15.5229,0.225,-2.6998,0.435
9021,63,2005-01-14,2005-02-02,20,2.6657,0.1333,-1.8368,0.0574
9021,64,2005-02-25,2005-03-13,17,5.3414,0.3142,-1.8113,0.1889
9021,65,2005-07-23,2005-09-05,45,25.4816,0.5663,-3.0686,0.3704
9021,66,2005-11-01,2005-11-12,12,1.6167,0.1347,-2.2607,0.0714
9021,67,2006-05-22,2006-07-23,63,27.1193,0.4305,-2.4786,3.1331
9021,68,2006-08-05,2006-08-09,5,0.3628,0.0726,-1.4533,0.0054
9021,69,2006-12-11,2007-04-11,122,55.6011,0.4557,-2.6202,2.2745
9021,70,2007-05-24,2007-08-05,74,19.3603,0.2616,-2.0219,0.966
9021,71,2007-09-09,2007-10-04,26,1.1238,0.0432,-1.5816,0.0161
9021,72,2007-10-16,2008-04-19,187,88.5491,0.4735,-3.0425,3.13
9021,73,2008-07-22,2008-10-30,101,44.1926,0.4376,-2.7894,0.719
9021,74,2009-10-14,2009-10-19,6,0.64,0.1067,-1.4309,0.0204
9021,75,2009-12-16,2009-12-21,6,0.9862,0.1644,-1.5862,0.0501
9021,76,2010-02-10,2010-02-23,14,1.3449,0.0961,-1.6231,0.0266
9021,77,2010-03-07,2010-03-17,11,1.329,0.1208,-1.543,0.0454
9021,78,2011-01-21,2011-03-11,50,10.8048,0.2161,-1.9787,0.2832
9021,79,2011-05-01,2011-06-03,34,23.5595,0.6929,-2.9438,2.8549
9021,80,2011-10-01,2011-10-26,26,12.1454,0.4671,-2.0355,0.3218
9021,81,2012-02-04,2012-02-21,18,17.7751,0.9875,-3.1173,0.4993
9021,82,2012-03-05,2012-03-20,16,2.6169,0.1636,-1.7655,0.118
9021,83,2012-06-29,2012-08-27,60,23.4847,0.3914,-2.3334,0.7169
9021,84,2012-09-09,2012-10-18,40,3.5217,0.088,-1.819,0.0784
9021,85,2015-05-22,2015-05-29,8,2.162,0.2703,-1.7902,0.2721
9021,86,2015-07-10,2015-07-16,7,1.5284,0.2183,-1.6019,0.0867
9021,87,2015-10-26,2015-11-01,7,0.3187,0.0455,-1.4315,0.0112
9021,88,2016-03-08,2016-04-03,27,8.559,0.317,-1.9982,0.535
9021,89,2016-05-02,2016-05-08,7,1.318,0.1883,-1.6971,0.1155
9021,90,2016-07-19,2016-09-13,57,33.742,0.592,-2.3908,0.5939
9021,91,2017-01-03,2017-01-26,24,10.4063,0.4336,-2.2007,0.2687
9021,92,2017-11-30,2017-12-05,6,0.5509,0.0918,-1.4489,0.0316
9021,93,2019-03-28,2019-04-14,18,2.8381,0.1577,-1.748,0.1838
9021,94,2019-05-14,2019-05-23,10,1.2758,0.1276,-1.6399,0.1216
9021,95,2019-08-09,2019-09-08,31,10.496,0.3386,-2.165,0.1236
9021,96,2019-09-29,2019-10-18,20,2.2506,0.1125,-2.1298,0.0511
9025,1,1961-08-20,1961-09-03,15,4.1448,0.2763,-3.3815,3.0499
9025,2,1965-08-08,1965-08-15,8,0.2053,0.0257,-1.4681,0.1233
9025,3,1965-08-27,1965-09-19,24,4.0049,0.1669,-1.9035,4.5948
9025,4,1970-05-01,1970-05-07,7,2.317,0.331,-1.9927,3.7308
9025,5,1972-01-01,1972-01-13,13,12.526,0.9635,-3.6856,11.5474
9025,6,1973-03-25,1973-04-08,15,2.8112,0.1874,-1.982,4.488
9025,7,1973-04-21,1973-05-28,38,12.2436,0.3222,-2.5275,21.0522
9025,8,1973-06-30,1973-09-02,65,19.0602,0.2932,-2.9238,16.4036
9025,9,1973-09-15,1973-12-02,79,18.9569,0.24,-2.7972,16.0358
9025,10,1974-08-04,1974-08-23,20,2.124,0.1062,-1.9326,1.7531
9025,11,1975-05-05,1975-05-19,15,0.6588,0.0439,-1.6164,1.1175
9025,12,1975-08-07,1975-08-11,5,0.9406,0.1881,-1.8337,0.7246
9025,13,1976-05-07,1976-05-19,13,2.4674,0.1898,-1.9156,4.3343
9025,14,1976-06-18,1976-08-25,69,14.0056,0.203,-2.9195,11.9089
9025,15,1976-09-07,1976-09-19,13,3.664,0.2818,-2.1112,4.1921
9025,16,1977-02-07,1977-02-11,5,9.2674,1.8535,-3.7958,7.0433
9025,17,1978-08-11,1978-09-08,29,4.4905,0.1548,-2.3644,3.6731
9025,18,1978-12-31,1979-01-07,8,0.0777,0.0097,-1.3282,0.0
9025,19,1979-12-21,1979-12-25,5,1.7466,0.3493,-3.0159,1.4827
9025,20,1980-03-31,1980-05-11,42,8.5083,0.2026,-2.4234,13.8273
9025,21,1980-07-30,1980-08-26,28,7.4838,0.2673,-2.6931,5.9369
9025,22,1981-06-19,1981-06-26,8,4.6203,0.5775,-3.0146,4.9023
9025,23,1981-08-15,1981-09-06,23,1.7068,0.0742,-2.3321,1.6036
9025,24,1981-11-22,1981-12-27,36,5.8493,0.1625,-2.5437,5.6783
9025,25,1982-06-24,1982-07-29,36,5.6341,0.1565,-2.6801,5.9157
9025,26,1982-08-11,1982-08-21,11,3.664,0.3331,-2.0039,2.9896
9025,27,1983-04-06,1983-04-20,15,2.7229,0.1815,-1.7122,4.4904
9025,28,1984-01-17,1984-01-23,7,0.2676,0.0382,-1.4316,0.1382
9025,29,1984-07-01,1984-07-13,13,1.0992,0.0846,-1.6557,1.5198
9025,30,1984-08-11,1984-08-17,7,3.1405,0.4486,-2.1972,2.5929
9025,31,1985-08-31,1985-09-16,17,2.0519,0.1207,-1.9592,2.2775
9025,32,1985-11-02,1986-01-28,88,5.8851,0.0669,-1.9687,5.2126
9025,33,1986-02-10,1986-03-18,37,6.8142,0.1842,-2.8127,8.081
9025,34,1986-06-05,1986-07-06,32,7.4768,0.2337,-3.3812,13.0655
9025,35,1986-08-28,1986-09-11,15,3.9407,0.2627,-2.2189,4.1199
9025,36,1986-10-31,1986-11-17,18,14.0381,0.7799,-2.7023,9.0666
9025,37,1986-12-03,1987-01-20,49,5.4726,0.1117,-2.0417,5.074
9025,38,1987-02-05,1987-02-09,5,0.2251,0.045,-1.4815,0.2583
9025,39,1987-03-20,1987-04-20,32,21.5533,0.6735,-3.4893,27.4172
9025,40,1987-06-01,1987-07-07,37,12.5758,0.3399,-3.8871,15.848
9025,41,1990-04-21,1990-05-21,31,4.1464,0.1338,-1.782,7.2103
9025,42,1990-06-30,1990-07-23,24,0.7251,0.0302,-1.616,1.1933
9025,43,1991-06-26,1991-10-04,101,59.5549,0.5897,-3.0467,55.5834
9025,44,1991-10-16,1991-11-06,22,6.5193,0.2963,-2.5646,4.8154
9025,45,1992-04-01,1992-05-20,50,20.6968,0.4139,-2.9094,30.6584
9025,46,1993-04-06,1993-04-23,18,0.8848,0.0492,-1.6717,1.335
9025,47,1993-06-17,1993-08-02,47,3.4329,0.073,-2.1607,4.5392
9025,48,1994-07-30,1994-09-10,43,2.8692,0.0667,-1.8886,2.5748
9025,49,1995-05-20,1995-06-09,21,3.0904,0.1472,-1.9259,7.5382
9025,50,2000-03-09,2000-05-10,63,19.0677,0.3027,-2.2887,30.5122
9025,51,2000-10-03,2000-12-17,76,10.3734,0.1365,-2.0911,8.5623
9025,52,2001-11-06,2001-11-15,10,0.8231,0.0823,-1.7707,0.5871
9025,53,2001-11-30,2001-12-14,15,1.1825,0.0788,-2.095,1.0541
9025,54,2002-01-12,2002-03-28,76,7.721,0.1016,-2.0225,10.1081
9025,55,2004-10-01,2005-11-07,403,324.4918,0.8052,-2.6546,362.2615
9025,56,2005-11-23,2006-02-02,72,16.4473,0.2284,-1.7477,17.571
9025,57,2006-03-06,2006-04-05,31,3.1249,0.1008,-1.7453,4.4289
9025,58,2006-04-26,2006-05-03,8,0.816,0.102,-1.606,1.3844
9025,59,2006-05-21,2006-11-19,183,74.3039,0.406,-2.1942,87.8772
9025,60,2006-12-12,2006-12-17,6,0.6759,0.1127,-1.5201,0.6912
9025,61,2007-01-09,2007-03-31,82,27.4108,0.3343,-1.8114,35.4477
9025,62,2007-11-29,2007-12-12,14,0.4456,0.0318,-1.4638,0.2341
9025,63,2007-12-25,2008-04-03,101,18.3479,0.1817,-1.7225,22.7965
9025,64,2008-06-29,2008-07-21,23,0.8206,0.0357,-1.459,1.545
9025,65,2009-06-10,2009-07-04,25,2.92,0.1168,-1.7031,5.4876
9025,66,2009-10-26,2009-12-29,65,12.5234,0.1927,-1.729,10.1018
9025,67,2010-05-17,2010-06-03,18,1.4706,0.0817,-1.6359,3.3985
9025,68,2010-09-02,2011-01-08,129,25.6302,0.1987,-2.063,21.664
9025,69,2011-02-20,2011-03-12,21,2.8806,0.1372,-1.5916,3.3266
9025,70,2011-04-06,2011-04-21,16,3.1773,0.1986,-1.673,5.1443
9025,71,2011-05-05,2011-05-30,26,7.2253,0.2779,-2.1277,13.554
9025,72,2011-06-17,2011-07-03,17,0.8775,0.0516,-1.5781,1.6438
9025,73,2011-09-13,2012-04-03,204,42.144,0.2066,-1.8602,48.204
9025,74,2012-04-17,2012-05-12,26,3.1516,0.1212,-1.737,5.0693
9025,75,2012-10-05,2012-10-20,16,3.2371,0.2023,-1.7151,2.6659
9025,76,2012-11-02,2013-03-02,121,14.7454,0.1219,-2.0134,13.2416
9025,77,2015-05-27,2015-06-06,11,1.6909,0.1537,-1.7863,4.3389
9025,78,2016-01-03,2016-01-07,5,0.0094,0.0019,-1.2883,0.0
9025,79,2017-01-06,2017-01-30,25,1.1356,0.0454,-1.6197,0.9668
9025,80,2017-10-04,2017-10-18,15,2.04,0.136,-1.7328,1.5819
9025,81,2017-11-01,2018-02-25,117,5.4793,0.0468,-1.5964,4.735
9025,82,2020-10-06,2020-10-15,10,1.4904,0.149,-2.0178,1.0878
9027,1,1961-07-19,1961-07-24,6,1.7608,0.2935,-1.8477,9.5213
9027,2,1961-08-07,1961-09-20,45,20.6774,0.4595,-2.9607,70.7431
9027,3,1962-07-31,1962-09-25,57,75.9203,1.3319,-3.6308,218.3065
9027,4,1964-07-13,1964-09-28,78,64.1708,0.8227,-3.7953,196.7651
9027,5,1965-05-23,1965-07-19,58,5.3197,0.0917,-2.267,21.3745
9027,6,1965-08-01,1965-09-25,56,22.4325,0.4006,-2.4979,82.6669
9027,7,1966-08-06,1966-08-19,14,1.05,0.075,-1.403,8.0844
9027,8,1973-03-25,1973-04-08,15,0.3358,0.0224,-1.5813,1.8317
9027,9,1973-04-30,1973-05-07,8,0.5863,0.0733,-1.6383,3.8999
9027,10,1974-01-20,1974-02-17,29,1.7512,0.0604,-1.891,7.6283
9027,11,1975-01-13,1975-01-26,14,1.4175,0.1012,-1.7146,4.317
9027,12,1975-10-26,1975-11-09,15,0.4727,0.0315,-1.5215,1.9181
9027,13,1976-03-15,1976-03-28,14,2.3293,0.1664,-1.9355,11.4532
9027,14,1976-05-09,1976-05-23,15,0.9494,0.0633,-1.6678,4.4124
9027,15,1976-10-05,1976-11-01,28,0.695,0.0248,-1.4257,4.1541
9027,16,1977-04-17,1977-04-25,9,0.5447,0.0605,-1.737,3.2944
9027,17,1978-10-01,1978-10-09,9,4.8686,0.541,-2.8777,12.3457
9027,18,1978-11-19,1978-11-26,8,0.2263,0.0283,-1.5049,0.8035
9027,19,1980-02-09,1980-03-18,39,2.1288,0.0546,-2.1856,5.1756
9027,20,1980-04-05,1980-05-11,37,3.8159,0.1031,-2.1228,20.4584
9027,21,1980-08-25,1980-08-31,7,0.4984,0.0712,-1.5439,2.5121
9027,22,1980-10-05,1980-10-12,8,0.312,0.039,-1.5868,1.2182
9027,23,1981-03-01,1981-03-08,8,0.8379,0.1047,-1.8523,1.9533
9027,24,1981-04-12,1981-04-20,9,0.2378,0.0264,-1.4624,1.2182
9027,25,1981-08-09,1981-08-17,9,4.117,0.4574,-1.9808,13.8607
9027,26,1981-10-02,1981-11-01,31,0.9168,0.0296,-1.8191,3.8068
9027,27,1981-11-23,1981-12-20,28,10.2383,0.3657,-2.3438,32.3013
9027,28,1982-04-29,1982-05-30,32,7.273,0.2273,-2.2925,29.1185
9027,29,1982-06-16,1982-07-04,19,1.053,0.0554,-1.7302,5.5979
9027,30,1982-07-18,1982-07-27,10,0.3288,0.0329,-1.3779,7.0541
9027,31,1983-05-21,1983-05-29,9,0.7981,0.0887,-1.6882,2.8814
9027,32,1984-04-22,1984-05-07,16,1.3833,0.0865,-1.6644,9.0977
9027,33,1985-09-30,1985-11-03,35,7.9725,0.2278,-2.4482,23.8226
9027,34,1985-11-27,1986-01-27,62,28.7839,0.4643,-3.2579,81.8251
9027,35,1986-07-10,1986-09-30,83,18.9007,0.2277,-2.0391,85.9861
9027,36,1986-12-14,1987-01-12,30,1.5351,0.0512,-1.5834,1.9489
9027,37,1987-05-13,1987-07-09,58,19.3469,0.3336,-3.9815,55.1506
9027,38,1989-01-23,1989-04-24,92,68.1161,0.7404,-3.9407,273.713
9027,39,1989-05-28,1989-07-04,38,16.1565,0.4252,-2.1584,54.795
9027,40,1989-08-29,1989-11-14,78,26.5245,0.3401,-2.8631,80.2023
9027,41,1990-03-04,1990-04-23,51,36.9402,0.7243,-3.0706,149.0133
9027,42,1990-05-06,1990-05-10,5,0.729,0.1458,-1.5492,4.493
9027,43,1990-05-22,1990-06-12,22,1.7046,0.0775,-1.7204,5.7309
9027,44,1990-07-06,1990-07-13,8,0.5272,0.0659,-1.508,3.5407
9027,45,1991-06-22,1991-07-02,11,0.4136,0.0376,-1.3668,5.6071
9027,46,1991-10-19,1991-11-21,34,6.0648,0.1784,-1.8303,23.7349
9027,47,1992-01-09,1992-03-28,80,34.1042,0.4263,-3.6054,100.5349
9027,48,1993-02-14,1993-03-08,23,4.9864,0.2168,-1.6583,8.1414
9027,49,1994-03-24,1994-04-05,13,2.67,0.2054,-1.8207,14.4458
9027,50,1994-06-15,1994-07-20,36,5.1738,0.1437,-1.9942,26.149
9027,51,1994-09-15,1994-10-09,25,2.9739,0.119,-1.848,16.1559
9027,52,1995-04-02,1995-08-17,138,60.8781,0.4411,-2.9108,219.7514
9027,53,1995-08-29,1995-12-24,118,66.9039,0.567,-3.7026,180.2543
9027,54,1996-10-29,1996-11-06,9,0.8232,0.0915,-1.6541,3.0931
9027,55,1997-04-11,1997-04-16,6,1.1411,0.1902,-1.7283,6.2273
9027,56,1999-04-11,1999-04-26,16,1.1652,0.0728,-1.6109,7.0293
9027,57,2000-01-23,2000-04-12,81,15.7216,0.1941,-2.01,49.9555
9027,58,2000-10-03,2000-10-18,16,1.2544,0.0784,-1.6614,5.6825
9027,59,2001-11-24,2002-04-04,132,51.8113,0.3925,-3.7927,191.9001
9027,60,2002-04-21,2002-04-30,10,0.892,0.0892,-1.5231,5.2627
9027,61,2002-10-27,2002-11-18,23,1.7423,0.0758,-1.548,7.0494
9027,62,2004-12-19,2004-12-26,8,1.0239,0.128,-1.6892,2.3478
9027,63,2005-01-18,2005-01-22,5,1.6633,0.3327,-1.919,7.8503
9027,64,2005-05-03,2005-05-18,16,3.3534,0.2096,-1.7763,17.1826
9027,65,2005-11-09,2005-12-07,29,0.9156,0.0316,-1.5966,1.8403
9027,66,2006-02-12,2006-03-06,23,1.963,0.0853,-1.58,0.5943
9027,67,2006-04-14,2006-06-14,62,15.2757,0.2464,-2.8714,56.985
9027,68,2006-10-30,2007-02-12,106,35.1231,0.3314,-2.2447,134.8474
9027,69,2007-12-01,2008-04-06,128,29.3306,0.2291,-1.6519,77.7296
9027,70,2009-01-07,2009-01-19,13,1.1481,0.0883,-1.9209,4.6574
9027,71,2009-12-01,2009-12-20,20,1.3152,0.0658,-1.4633,0.8866
9027,72,2011-02-06,2011-02-27,22,1.5691,0.0713,-1.6385,3.915
9027,73,2011-04-18,2011-04-28,11,0.1752,0.0159,-1.3224,0.1481
9027,74,2011-11-24,2012-04-24,153,46.1886,0.3019,-1.8243,171.0569
9027,75,2012-11-20,2012-12-06,17,2.877,0.1692,-1.7939,8.1482
9027,76,2013-01-06,2013-01-14,9,2.938,0.3264,-1.7643,5.2384
9027,77,2014-06-01,2014-06-15,15,0.7001,0.0467,-1.6264,2.8495
9027,78,2015-04-26,2015-05-11,16,1.2585,0.0787,-1.602,7.8972
9027,79,2015-12-23,2016-01-16,25,2.8247,0.113,-1.7077,3.6031
9027,80,2016-05-29,2016-06-05,8,0.2724,0.0341,-1.4267,0.7776
9027,81,2016-11-08,2016-11-20,13,3.039,0.2338,-1.5962,11.41
9027,82,2016-12-09,2017-01-15,38,5.7138,0.1504,-1.9876,13.508
9027,83,2017-04-14,2017-06-12,60,10.9211,0.182,-1.9369,59.3614
9027,84,2017-10-11,2018-01-02,84,29.5903,0.3523,-2.241,98.9864
9027,85,2019-01-06,2019-01-22,17,2.207,0.1298,-1.7345,7.1207
9027,86,2019-04-02,2019-06-16,76,11.4795,0.151,-1.8512,51.2211
9027,87,2019-10-08,2019-10-16,9,0.5719,0.0635,-1.4302,3.1553
9036,1,1961-04-16,1961-04-22,7,0.7959,0.1137,-1.4855,0.0722
9036,2,1961-05-11,1961-05-27,17,3.0712,0.1807,-1.808,0.4939
9036,3,1961-06-19,1961-06-23,5,1.8227,0.3645,-2.0823,0.201
9036,4,1961-07-22,1961-07-28,7,0.6014,0.0859,-1.433,0.0862
9036,5,1961-08-12,1961-08-16,5,2.0935,0.4187,-1.9403,0.3758
9036,6,1961-09-04,1961-09-28,25,9.9633,0.3985,-2.2703,0.7319
9036,7,1962-06-21,1962-06-29,9,3.7018,0.4113,-1.9341,0.3669
9036,8,1962-07-22,1962-07-26,5,1.1806,0.2361,-1.6728,0.1493
9036,9,1962-09-20,1962-10-04,15,10.2624,0.6842,-2.472,0.4918
9036,10,1962-10-19,1962-12-14,57,43.1431,0.7569,-4.2059,1.4247
9036,11,1963-07-05,1963-07-23,19,4.472,0.2354,-1.8555,0.4
9036,12,1964-09-12,1964-09-16,5,1.5268,0.3054,-1.7982,0.111
9036,13,1964-09-30,1964-10-07,8,0.3983,0.0498,-1.43,0.0105
9036,14,1965-08-24,1965-09-25,33,16.5502,0.5015,-2.3257,1.4225
9036,15,1977-05-03,1977-05-09,7,0.2828,0.0404,-1.3661,0.0755
9036,16,1979-07-15,1979-07-19,5,0.5639,0.1128,-1.4801,0.0405
9036,17,1981-06-29,1981-07-14,16,5.2915,0.3307,-1.7855,0.4517
9036,18,1982-04-04,1982-04-17,14,1.8079,0.1291,-1.8288,0.2297
9036,19,1982-05-09,1982-06-17,40,19.3299,0.4832,-2.6273,2.041
9036,20,1982-07-01,1982-08-05,36,19.9079,0.553,-2.6476,2.3099
9036,21,1982-08-17,1982-11-06,82,56.0795,0.6839,-3.5039,3.7443
9036,22,1983-01-28,1983-02-22,26,6.311,0.2427,-1.9347,0.2965
9036,23,1983-03-16,1983-03-24,9,0.5967,0.0663,-1.4375,0.1559
9036,24,1983-06-23,1983-07-11,19,16.2244,0.8539,-2.4808,1.5353
9036,25,1983-08-10,1983-08-17,8,7.8985,0.9873,-2.3588,1.1211
9036,26,1983-08-29,1983-09-07,10,0.3223,0.0322,-1.4212,0.0053
9036,27,1983-11-10,1983-12-18,39,12.6488,0.3243,-1.8812,0.6909
9036,28,1984-02-26,1984-03-02,6,0.841,0.1402,-1.5111,0.0745
9036,29,1984-12-17,1984-12-21,5,0.5642,0.1128,-1.5161,0.0767
9036,30,1985-01-07,1985-01-20,14,1.5841,0.1132,-1.6037,0.1229
9036,31,1985-03-09,1985-03-18,10,2.8968,0.2897,-1.6928,0.3956
9036,32,1985-07-04,1985-07-13,10,6.9419,0.6942,-2.266,0.6741
9036,33,1985-07-27,1986-02-15,204,89.6659,0.4395,-2.5764,5.5032
9036,34,1986-04-08,1986-04-13,6,0.1845,0.0307,-1.3435,0.0331
9036,35,1986-06-05,1986-06-14,10,1.5666,0.1567,-2.158,0.202
9036,36,1986-06-26,1986-07-01,6,3.6229,0.6038,-2.0759,0.3359
9036,37,1986-07-13,1986-07-19,7,5.224,0.7463,-2.2259,0.5276
9036,38,1986-07-31,1986-08-06,7,6.0654,0.8665,-2.2413,0.8249
9036,39,1986-08-18,1986-08-28,11,6.1227,0.5566,-1.901,0.7991
9036,40,1986-09-14,1986-09-22,9,1.5528,0.1725,-1.666,0.1083
9036,41,1987-04-22,1987-05-12,21,10.6124,0.5054,-2.3886,1.2305
9036,42,1987-05-27,1987-06-02,7,2.7338,0.3905,-1.923,0.313
9036,43,1987-06-15,1987-07-31,47,29.7912,0.6339,-2.8823,2.9553
9036,44,1987-09-29,1987-10-20,22,1.4312,0.0651,-1.6791,0.0425
9036,45,1987-12-28,1988-01-12,16,1.2704,0.0794,-1.5211,0.1589
9036,46,1988-10-06,1988-10-14,9,3.7061,0.4118,-1.8795,0.145
9036,47,1988-10-31,1988-11-12,13,4.7591,0.3661,-1.9209,0.2418
9036,48,1988-12-29,1989-04-06,99,79.3152,0.8012,-3.2963,4.3417
9036,49,1989-04-20,1989-05-24,35,21.2261,0.6065,-3.3097,1.8598
9036,50,1989-06-11,1989-06-22,12,11.3999,0.95,-2.7776,1.086
9036,51,1989-07-12,1989-07-31,20,11.6793,0.584,-2.3235,1.3336
9036,52,1989-08-13,1989-12-13,123,100.3838,0.8161,-2.9288,5.3141
9036,53,1990-01-14,1990-06-13,151,97.1223,0.6432,-3.0244,7.6592
9036,54,1990-06-26,1990-07-02,7,2.4878,0.3554,-2.2176,0.2386
9036,55,1990-08-19,1990-08-24,6,3.0829,0.5138,-2.2456,0.4452
9036,56,1990-09-14,1990-12-26,104,63.4111,0.6097,-2.7583,2.7242
9036,57,1991-01-27,1991-02-19,24,8.2163,0.3423,-2.0647,0.3195
9036,58,1991-09-07,1991-09-12,6,1.0145,0.1691,-1.5912,0.049
9036,59,1991-10-04,1991-10-09,6,0.6882,0.1147,-1.5063,0.0238
9036,60,1991-12-29,1992-03-28,91,37.2362,0.4092,-1.9903,2.6712
9036,61,1992-07-11,1992-07-18,8,2.3989,0.2999,-1.8422,0.2306
9036,62,1993-01-24,1993-03-02,38,7.9486,0.2092,-1.8757,0.4115
9036,63,1993-06-13,1993-07-27,45,6.8377,0.1519,-2.1553,0.7103
9036,64,1993-08-12,1993-09-15,35,1.9289,0.0551,-1.7415,0.2631
9036,65,1994-03-30,1994-04-13,15,1.5694,0.1046,-1.484,0.2527
9036,66,1994-04-29,1994-05-03,5,0.4382,0.0876,-1.4179,0.0805
9036,67,1995-08-12,1995-08-18,7,0.1328,0.019,-1.3611,0.0602
9036,68,1997-04-23,1997-05-30,38,7.7282,0.2034,-1.6833,1.1016
9036,69,1997-07-01,1997-07-22,22,5.0548,0.2298,-1.7519,0.4475
9036,70,1999-04-10,1999-04-19,10,1.6405,0.1641,-1.555,0.2025
9036,71,1999-05-18,1999-05-31,14,3.1446,0.2246,-1.5864,0.4629
9036,72,2001-12-13,2002-03-08,86,12.4118,0.1443,-1.7639,0.9333
9036,73,2002-03-20,2002-04-29,41,25.3416,0.6181,-2.7581,2.8856
9036,74,2002-05-21,2002-06-18,29,12.9375,0.4461,-2.1699,1.4559
9036,75,2002-08-27,2002-09-14,19,3.7136,0.1955,-1.5943,0.2273
9036,76,2006-02-23,2006-02-28,6,0.029,0.0048,-1.3083,0.0
9036,77,2008-02-14,2008-03-21,37,5.2117,0.1409,-1.7208,0.4909
9036,78,2012-03-28,2012-04-10,14,1.5608,0.1115,-1.5001,0.2674
9036,79,2012-04-27,2012-05-15,19,2.6645,0.1402,-1.5536,0.4759
9036,80,2012-06-13,2012-06-17,5,0.4688,0.0938,-1.4433,0.0986
9036,81,2014-06-28,2014-07-10,13,1.6292,0.1253,-1.6578,0.0919
9036,82,2017-04-02,2017-06-12,72,31.9087,0.4432,-2.3551,3.6637
9036,83,2017-06-24,2017-11-05,135,23.2727,0.1724,-2.1492,2.3177
9036,84,2017-11-19,2017-12-08,20,1.1495,0.0575,-1.617,0.1268
9036,85,2018-07-03,2018-07-24,22,0.5762,0.0262,-1.4548,0.0298
9036,86,2019-03-21,2019-04-24,35,12.4658,0.3562,-2.1505,1.6626
9036,87,2019-06-07,2019-06-17,11,0.1697,0.0154,-1.3441,0.1117
9036,88,2019-09-18,2019-09-27,10,0.8932,0.0893,-1.5786,0.0406
9036,89,2020-02-19,2020-02-25,7,0.5997,0.0857,-1.4117,0.0069
9038,1,1961-03-28,1961-04-16,20,1.3731,0.0687,-1.522,0.4352
9038,2,1973-11-25,1973-11-30,6,0.494,0.0823,-1.431,0.0387
9038,3,1973-12-15,1973-12-22,8,0.6813,0.0852,-1.4242,0.1075
9038,4,1981-06-13,1981-06-25,13,1.6452,0.1266,-1.663,0.4799
9038,5,1981-07-17,1981-09-21,67,32.0076,0.4777,-2.1056,2.8538
9038,6,1982-04-23,1982-05-26,34,6.0621,0.1783,-1.6114,2.3771
9038,7,1982-06-14,1982-09-18,97,44.6529,0.4603,-2.6457,5.2679
9038,8,1982-10-01,1982-10-09,9,0.7236,0.0804,-1.4872,0.069
9038,9,1984-07-07,1984-08-07,32,5.8207,0.1819,-1.9159,0.4683
9038,10,1985-07-30,1985-08-04,6,1.0529,0.1755,-1.6309,0.0489
9038,11,1985-10-15,1985-11-04,21,1.1188,0.0533,-1.5881,0.0293
9038,12,1985-12-22,1986-02-13,54,6.2293,0.1154,-1.8312,1.2639
9038,13,1986-06-26,1986-07-10,15,1.2324,0.0822,-1.666,0.2405
9038,14,1986-11-20,1987-01-09,51,28.0411,0.5498,-3.0056,2.9865
9038,15,1987-05-03,1987-06-08,37,10.372,0.2803,-2.0488,2.9415
9038,16,1987-08-26,1987-09-17,23,0.4001,0.0174,-1.416,0.0645
9038,17,1988-12-24,1989-04-06,104,47.696,0.4586,-3.2776,11.3341
9038,18,1989-05-11,1989-05-27,17,12.1933,0.7173,-2.3659,2.9723
9038,19,1989-06-13,1989-09-19,99,100.4854,1.015,-2.6565,10.1679
9038,20,1989-10-01,1989-12-12,73,17.75,0.2432,-2.1263,1.5724
9038,21,1990-01-07,1990-01-26,20,4.8296,0.2415,-1.9469,0.8375
9038,22,1990-02-14,1990-12-27,317,209.6129,0.6612,-3.0103,36.004
9038,23,1991-08-03,1991-09-03,32,23.5406,0.7356,-2.1006,2.0879
9038,24,1992-01-07,1992-03-30,84,62.7015,0.7464,-2.8101,14.2145
9038,25,1993-02-19,1993-03-08,18,1.6312,0.0906,-1.5389,0.5001
9038,26,1993-04-13,1993-04-24,12,0.6526,0.0544,-1.4812,0.1282
9038,27,1994-04-05,1994-05-16,42,3.9738,0.0946,-1.5814,1.5028
9038,28,1994-06-11,1994-06-17,7,1.4111,0.2016,-1.6881,0.3024
9038,29,1994-12-06,1994-12-30,25,8.2297,0.3292,-2.0695,1.2989
9038,30,1995-04-04,1995-04-23,20,2.3512,0.1176,-1.5555,0.6381
9038,31,1995-08-29,1995-11-16,80,32.1434,0.4018,-2.1065,2.9221
9038,32,1997-04-02,1997-04-18,17,2.0896,0.1229,-1.5649,0.6447
9038,33,1998-03-26,1998-04-02,8,0.6511,0.0814,-1.3938,0.3482
9038,34,1999-04-19,1999-04-23,5,0.5511,0.1102,-1.5163,0.123
9038,35,1999-05-26,1999-06-17,23,2.8361,0.1233,-1.5989,0.8484
9038,36,2000-02-28,2000-04-01,34,1.8971,0.0558,-1.4573,1.0229
9038,37,2000-10-25,2000-11-02,9,1.1227,0.1247,-1.4655,0.0043
9038,38,2001-04-25,2001-04-30,6,0.3243,0.054,-1.3878,0.1304
9038,39,2001-10-16,2002-03-07,143,64.9967,0.4545,-3.0528,10.4202
9038,40,2002-03-25,2002-05-08,45,17.8682,0.3971,-2.0269,5.7874
9038,41,2002-05-20,2002-11-21,186,47.3737,0.2547,-2.1883,6.156
9038,42,2007-01-20,2007-01-29,10,0.7367,0.0737,-1.4589,0.1247
9038,43,2008-01-26,2008-03-10,45,13.7649,0.3059,-2.0889,3.8534
9038,44,2009-10-06,2009-10-21,16,2.5319,0.1582,-1.5514,0.1525
9038,45,2009-11-18,2009-12-03,16,6.17,0.3856,-1.9896,0.6469
9038,46,2012-01-08,2012-01-20,13,0.1391,0.0107,-1.3272,0.0255
9038,47,2015-09-23,2015-10-24,32,1.3563,0.0424,-1.5687,0.0965
9038,48,2015-12-16,2016-01-03,19,10.5354,0.5545,-2.425,1.4994
9038,49,2016-09-23,2017-02-03,134,63.1924,0.4716,-2.5079,8.156
9038,50,2017-02-20,2017-12-09,293,136.9839,0.4675,-2.505,24.9752
9038,51,2019-01-06,2019-01-23,18,0.3883,0.0216,-1.3417,0.0685
9038,52,2019-04-11,2019-04-15,5,0.1523,0.0305,-1.3331,0.0
9040,1,1961-05-23,1961-05-29,7,0.8662,0.1237,-1.5218,0.5776
9040,2,1962-09-06,1962-09-14,9,6.7726,0.7525,-2.6726,0.3629
9040,3,1962-10-05,1962-10-10,6,0.5379,0.0897,-1.4175,0.0622
9040,4,1962-11-24,1962-12-28,35,10.2633,0.2932,-2.2993,1.5622
9040,5,1964-01-15,1964-02-22,39,14.3617,0.3682,-1.8107,1.8932
9040,6,1964-03-05,1964-04-17,44,20.3661,0.4629,-2.4588,5.5174
9040,7,1964-05-01,1964-05-20,20,5.8529,0.2926,-2.1073,3.0612
9040,8,1964-08-09,1964-08-13,5,1.1677,0.2335,-1.7108,0.1693
9040,9,1964-08-26,1964-09-26,32,27.9374,0.873,-3.7056,1.3796
9040,10,1965-05-29,1965-06-12,15,0.3046,0.0203,-1.4453,0.1035
9040,11,1966-04-23,1966-06-30,69,35.361,0.5125,-3.365,15.1654
9040,12,1967-04-29,1967-05-04,6,0.8287,0.1381,-1.6159,0.4207
9040,13,1970-03-15,1970-03-19,5,0.3124,0.0625,-1.4227,0.1668
9040,14,1970-04-09,1970-04-13,5,0.7417,0.1483,-1.5423,0.1467
9040,15,1970-11-06,1970-11-17,12,0.81,0.0675,-1.4129,0.3282
9040,16,1971-11-27,1971-12-09,13,0.4521,0.0348,-1.4018,0.1431
9040,17,1972-04-14,1972-05-25,42,18.6953,0.4451,-2.4339,8.8995
9040,18,1972-06-09,1972-06-14,6,0.9429,0.1571,-1.7544,0.3528
9040,19,1973-03-22,1973-05-13,53,13.5017,0.2547,-2.0268,4.5917
9040,20,1978-10-24,1978-12-09,47,38.6772,0.8229,-2.7434,5.3852
9040,21,1980-01-17,1980-01-24,8,0.5493,0.0687,-1.3541,0.0401
9040,22,1980-04-09,1980-05-06,28,3.9331,0.1405,-1.7148,1.6793
9040,23,1980-05-20,1980-05-26,7,1.1422,0.1632,-1.5347,0.7719
9040,24,1981-02-17,1981-02-27,11,2.7543,0.2504,-1.7429,0.4399
9040,25,1981-11-25,1981-12-10,16,3.3102,0.2069,-1.6175,0.643
9040,26,1983-02-17,1983-02-24,8,0.3707,0.0463,-1.3496,0.0
9040,27,1983-10-12,1983-11-07,27,5.1345,0.1902,-1.9442,0.8142
9040,28,1984-03-08,1984-03-13,6,0.7606,0.1268,-1.5156,0.35
9040,29,1984-08-31,1984-10-03,34,19.4489,0.572,-2.5614,1.1911
9040,30,1985-01-12,1985-01-20,9,1.4914,0.1657,-1.5374,0.1506
9040,31,1985-03-18,1985-04-01,15,1.5572,0.1038,-1.6037,0.3713
9040,32,1985-05-09,1985-05-15,7,3.5987,0.5141,-2.1104,2.056
9040,33,1985-10-12,1985-11-03,23,4.1845,0.1819,-1.9576,0.3879
9040,34,1988-12-31,1989-02-25,57,37.6248,0.6601,-2.2555,4.5352
9040,35,1989-06-29,1989-07-04,6,2.0311,0.3385,-1.7585,0.4833
9040,36,1989-07-16,1989-07-22,7,0.7937,0.1134,-1.5177,0.1113
9040,37,1989-10-17,1989-10-27,11,1.684,0.1531,-1.5722,0.1768
9040,38,1990-04-01,1990-04-05,5,0.8298,0.166,-1.5079,0.141
9040,39,1990-04-21,1990-04-28,8,1.7753,0.2219,-1.6651,0.7798
9040,40,1991-05-04,1991-05-20,17,5.8469,0.3439,-2.0677,3.2861
9040,41,1991-06-20,1991-07-03,14,0.2606,0.0186,-1.3698,0.0302
9040,42,1991-07-15,1991-08-30,47,44.2982,0.9425,-2.9137,3.4703
9040,43,1993-02-20,1993-04-20,60,19.7268,0.3288,-2.0478,5.1888
9040,44,1993-11-27,1993-12-27,31,31.3265,1.0105,-3.2438,3.347
9040,45,1994-04-09,1994-04-23,15,3.8311,0.2554,-1.8385,1.2392
9040,46,1994-08-27,1994-09-10,15,1.3522,0.0901,-1.7192,0.0866
9040,47,1995-04-21,1995-05-15,25,11.4564,0.4583,-2.6575,4.469
9040,48,1995-06-01,1995-06-14,14,4.7406,0.3386,-2.0357,2.2472
9040,49,1996-07-22,1996-09-01,42,16.6964,0.3975,-3.1616,1.2445
9040,50,1997-10-12,1997-11-04,24,5.2167,0.2174,-1.8089,0.715
9040,51,1998-11-08,1999-01-07,61,14.7629,0.242,-1.8154,2.6226
9040,52,1999-02-10,1999-03-11,30,8.0233,0.2674,-1.7383,1.499
9040,53,1999-04-13,1999-04-20,8,3.7934,0.4742,-2.1761,1.2187
9040,54,1999-06-23,1999-07-17,25,3.6073,0.1443,-1.6137,0.6438
9040,55,2000-01-21,2000-04-02,73,21.6278,0.2963,-1.9856,4.9145
9040,56,2000-08-05,2000-08-15,11,2.5818,0.2347,-1.7558,0.3385
9040,57,2001-12-15,2001-12-30,16,7.0889,0.4431,-2.0363,1.0436
9040,58,2002-01-12,2002-02-05,25,5.0257,0.201,-1.9788,0.4836
9040,59,2002-06-26,2002-07-15,20,3.1544,0.1577,-1.8321,0.6108
9040,60,2004-10-06,2004-10-16,11,2.2126,0.2011,-1.5764,0.2424
9040,61,2004-12-17,2005-04-22,127,72.9005,0.574,-2.5487,12.1332
9040,62,2005-05-06,2005-09-01,119,34.5916,0.2907,-2.4117,8.0162
9040,63,2005-09-23,2005-10-11,19,4.1509,0.2185,-1.7959,0.3725
9040,64,2006-05-24,2006-07-14,52,24.1703,0.4648,-2.3934,8.3669
9040,65,2006-08-03,2006-08-17,15,3.0518,0.2035,-1.6311,0.4128
9040,66,2006-08-29,2006-09-07,10,3.4212,0.3421,-1.8751,0.2428
9040,67,2007-02-03,2007-02-08,6,0.4109,0.0685,-1.359,0.0
9040,68,2007-05-30,2007-06-07,9,0.5847,0.065,-1.4928,0.2029
9040,69,2007-07-29,2007-08-05,8,0.3256,0.0407,-1.3824,0.0486
9040,70,2007-09-12,2007-10-01,20,4.6345,0.2317,-1.6464,0.2371
9040,71,2007-10-21,2008-01-06,78,35.2981,0.4525,-2.6219,5.042
9040,72,2008-03-23,2008-03-28,6,0.9372,0.1562,-1.4985,0.2187
9040,73,2008-10-01,2008-10-12,12,2.428,0.2023,-1.645,0.2416
9040,74,2010-10-25,2010-10-30,6,1.3269,0.2211,-1.7012,0.1864
9040,75,2011-05-29,2011-08-04,68,4.0294,0.0593,-1.5976,0.9868
9040,76,2011-09-02,2011-10-23,52,26.9444,0.5182,-3.2322,1.7724
9040,77,2011-12-29,2012-04-21,115,78.4184,0.6819,-2.5936,14.2017
9040,78,2012-06-09,2012-09-23,107,29.4273,0.275,-1.9918,4.5473
9040,79,2015-05-17,2015-06-08,23,8.8338,0.3841,-2.1746,5.0433
9040,80,2015-07-09,2015-07-17,9,1.8041,0.2005,-1.6053,0.3091
9040,81,2015-12-19,2016-01-03,16,2.9517,0.1845,-1.5893,0.5225
9040,82,2016-08-26,2016-09-12,18,2.014,0.1119,-1.4441,0.1275
9040,83,2016-09-28,2016-10-12,15,5.0789,0.3386,-1.8661,0.4681
9040,84,2017-01-15,2017-01-26,12,0.6519,0.0543,-1.4723,0.0627
9040,85,2017-04-30,2017-05-04,5,0.3403,0.0681,-1.4312,0.161
9040,86,2017-07-31,2017-08-05,6,0.1692,0.0282,-1.3391,0.0299
9040,87,2017-08-17,2017-08-23,7,1.0019,0.1431,-1.4839,0.1362
9040,88,2017-09-09,2017-10-17,39,9.2351,0.2368,-1.8661,0.7263
9040,89,2017-10-31,2017-12-10,41,21.4932,0.5242,-2.1697,3.623
9040,90,2019-01-08,2019-01-31,24,7.4876,0.312,-1.9281,0.777
9040,91,2019-03-22,2019-04-15,25,10.4402,0.4176,-1.9799,2.7251
9040,92,2019-05-22,2019-05-30,9,0.0848,0.0094,-1.3374,0.0425
9040,93,2019-07-05,2019-08-19,46,6.3438,0.1379,-1.6311,0.8173
9040,94,2019-09-12,2019-09-21,10,1.2675,0.1268,-1.4232,0.0
9040,95,2019-10-03,2019-10-14,12,4.3024,0.3585,-1.8661,0.4165
9040,96,2020-09-06,2020-09-18,13,1.2573,0.0967,-1.4145,0.0
9044,1,1964-02-07,1964-02-15,9,1.0684,0.1187,-1.4416,0.004
9044,2,1965-01-06,1965-01-18,13,2.3453,0.1804,-1.6043,0.0211
9044,3,1965-02-19,1965-02-27,9,2.3875,0.2653,-1.6843,0.0564
9044,4,1965-05-10,1965-07-16,68,17.7412,0.2609,-1.8601,0.3001
9044,5,1969-02-11,1969-02-17,7,2.1931,0.3133,-1.7138,0.0444
9044,6,1970-04-24,1970-05-04,11,2.2015,0.2001,-1.676,0.0892
9044,7,1971-01-18,1971-01-22,5,0.3193,0.0639,-1.3863,0.0
9044,8,1971-02-05,1971-03-17,41,13.3862,0.3265,-2.1281,0.3205
9044,9,1975-01-02,1975-01-13,12,0.9598,0.08,-1.542,0.0086
9044,10,1978-11-15,1978-12-02,18,4.6316,0.2573,-1.7607,0.0479
9044,11,1981-12-17,1981-12-22,6,0.4407,0.0734,-1.41,0.0031
9044,12,1982-08-14,1982-10-08,56,46.3037,0.8269,-2.406,0.0544
9044,13,1983-02-15,1983-02-22,8,1.248,0.156,-1.5528,0.0213
9044,14,1984-02-25,1984-03-02,7,0.3488,0.0498,-1.4047,0.0
9044,15,1985-10-25,1986-02-15,114,85.5827,0.7507,-2.5871,0.7637
9044,16,1986-03-29,1986-04-10,13,1.592,0.1225,-1.5707,0.0375
9044,17,1986-07-05,1986-07-23,19,4.7395,0.2494,-1.8215,0.0115
9044,18,1988-12-27,1989-04-06,101,56.0247,0.5547,-2.4352,1.1169
9044,19,1990-03-04,1990-04-21,49,4.5386,0.0926,-1.6436,0.112
9044,20,1990-05-03,1990-05-21,19,3.9172,0.2062,-1.7222,0.1549
9044,21,1992-01-16,1992-03-29,74,51.3333,0.6937,-3.0456,1.1152
9044,22,1993-02-18,1993-03-06,17,2.17,0.1276,-1.5175,0.0315
9044,23,1994-03-28,1994-04-24,28,8.0162,0.2863,-1.7128,0.224
9044,24,1994-12-05,1994-12-31,27,9.7603,0.3615,-2.0729,0.1098
9044,25,1995-03-24,1995-05-02,40,27.2594,0.6815,-2.5582,0.7233
9044,26,1995-05-27,1995-06-11,16,2.4472,0.1529,-1.6909,0.0442
9044,27,1995-07-28,1995-08-04,8,0.2707,0.0338,-1.3796,0.0019
9044,28,1995-10-31,1995-11-20,21,2.0568,0.0979,-1.4936,0.0085
9044,29,1996-07-05,1996-07-24,20,2.7501,0.1375,-1.552,0.004
9044,30,1997-03-15,1997-05-13,60,30.0594,0.501,-2.3962,0.8555
9044,31,1999-04-11,1999-04-27,17,1.4188,0.0835,-1.4868,0.0367
9044,32,1999-07-03,1999-07-11,9,0.4045,0.0449,-1.3955,0.0
9044,33,2000-03-14,2000-03-27,14,0.5889,0.0421,-1.3702,0.0193
9044,34,2000-07-02,2000-07-06,5,0.3014,0.0603,-1.3955,0.0
9044,35,2000-10-20,2000-10-29,10,0.2018,0.0202,-1.3614,0.0
9044,36,2001-05-18,2001-11-15,182,77.1478,0.4239,-2.495,0.3488
9044,37,2001-11-30,2002-03-07,98,50.4649,0.5149,-2.3801,0.8186
9044,38,2002-03-25,2002-04-12,19,10.9045,0.5739,-2.1034,0.2751
9044,39,2002-04-26,2002-05-07,12,4.4577,0.3715,-1.8311,0.1624
9044,40,2002-06-18,2002-08-22,66,29.4231,0.4458,-2.2559,0.0593
9044,41,2003-06-30,2003-08-16,48,7.5646,0.1576,-1.7798,0.014
9044,42,2004-09-28,2004-10-28,31,6.8657,0.2215,-1.6656,0.0084
9044,43,2005-06-05,2005-10-27,145,71.0975,0.4903,-2.2249,0.1855
9044,44,2006-02-10,2006-03-02,21,2.7573,0.1313,-1.5058,0.0334
9044,45,2006-06-05,2006-06-19,15,4.3009,0.2867,-1.761,0.057
9044,46,2006-09-06,2006-09-12,7,1.7202,0.2457,-1.6833,0.0023
9044,47,2007-01-05,2007-01-27,23,1.8757,0.0816,-1.519,0.0118
9044,48,2007-09-06,2007-09-30,25,0.7139,0.0286,-1.4703,0.0003
9044,49,2007-12-11,2008-01-03,24,5.7175,0.2382,-1.9116,0.0668
9044,50,2008-01-25,2008-03-08,44,7.1827,0.1632,-1.7905,0.1102
9044,51,2008-03-20,2008-03-24,5,0.3718,0.0744,-1.4451,0.0111
9044,52,2009-12-18,2009-12-22,5,0.2365,0.0473,-1.372,0.0
9044,53,2011-10-29,2011-11-04,7,4.1112,0.5873,-2.1726,0.0072
9044,54,2012-01-12,2012-02-19,39,8.0147,0.2055,-1.6669,0.0742
9044,55,2012-03-29,2012-04-15,18,2.1808,0.1212,-1.5584,0.0348
9044,56,2012-05-17,2012-11-06,174,102.8507,0.5911,-2.4183,0.3772
9044,57,2013-01-08,2013-01-16,9,1.0978,0.122,-1.4618,0.006
9044,58,2015-05-19,2015-06-09,22,9.6426,0.4383,-2.7995,0.1527
9044,59,2015-09-20,2015-09-29,10,0.063,0.0063,-1.3119,0.0
9044,60,2015-12-27,2016-01-04,9,3.8253,0.425,-2.1932,0.0411
9044,61,2016-08-03,2016-11-24,114,29.0858,0.2551,-2.3733,0.0813
9044,62,2016-12-17,2017-01-30,45,23.426,0.5206,-2.5408,0.2141
9044,63,2017-04-13,2017-06-01,50,41.53,0.8306,-3.2353,1.0182
9044,64,2017-08-31,2017-12-09,101,51.5618,0.5105,-3.4517,0.1896
9044,65,2017-12-22,2018-01-05,15,3.1885,0.2126,-1.6577,0.0354
9044,66,2019-03-23,2019-04-18,27,9.1069,0.3373,-1.9234,0.2404
9044,67,2019-06-27,2019-07-07,11,2.3075,0.2098,-1.6427,0.0051
9048,1,1961-06-29,1961-08-07,40,1.4663,0.0367,-1.5103,0.4177
9048,2,1961-10-02,1961-11-10,40,8.1191,0.203,-1.8537,1.0831
9048,3,1965-05-14,1965-06-12,30,4.9144,0.1638,-2.0454,0.7791
9048,4,1965-07-24,1965-08-16,24,0.4333,0.0181,-1.3243,0.2148
9048,5,1965-08-28,1965-09-26,30,3.6312,0.121,-1.651,0.5985
9048,6,1967-06-18,1967-09-29,104,103.6521,0.9967,-2.9816,14.7829
9048,7,1968-06-30,1968-07-07,8,0.3904,0.0488,-1.5315,0.1123
9048,8,1968-08-04,1968-08-11,8,0.9004,0.1125,-1.8532,0.1724
9048,9,1973-07-12,1973-07-31,20,3.608,0.1804,-1.7138,0.6488
9048,10,1973-11-26,1974-01-05,41,26.8508,0.6549,-2.9879,2.8696
9048,11,1982-04-16,1982-04-24,9,0.4715,0.0524,-1.404,0.169
9048,12,1984-07-07,1984-08-22,47,39.2173,0.8344,-2.7802,5.8269
9048,13,1986-11-27,1987-01-25,60,49.0564,0.8176,-3.307,5.8714
9048,14,1987-02-19,1987-02-24,6,1.3937,0.2323,-1.6459,0.1196
9048,15,1987-03-13,1987-03-31,19,5.2819,0.278,-1.986,1.2681
9048,16,1989-01-21,1989-02-23,34,2.6931,0.0792,-1.4749,0.0653
9048,17,1989-03-15,1989-04-06,23,8.7336,0.3797,-1.9228,1.9571
9048,18,1989-05-12,1989-05-25,14,2.7887,0.1992,-1.7314,0.6133
9048,19,1990-01-31,1990-06-10,131,76.5264,0.5842,-2.6263,14.1303
9048,20,1990-09-06,1990-09-11,6,0.3897,0.0649,-1.4259,0.072
9048,21,1990-10-02,1991-03-04,154,91.3866,0.5934,-2.7426,10.7589
9048,22,1991-06-09,1991-06-26,18,10.9248,0.6069,-2.3451,1.3924
9048,23,1992-01-01,1992-04-01,92,39.827,0.4329,-2.4716,6.9197
9048,24,1992-05-16,1992-06-03,19,8.179,0.4305,-2.1418,1.1622
9048,25,1993-04-11,1993-04-25,15,0.8594,0.0573,-1.4896,0.2674
9048,26,1994-11-18,1994-12-30,43,6.5598,0.1526,-2.1821,0.633
9048,27,1995-03-28,1995-07-27,122,46.3505,0.3799,-2.6257,8.2634
9048,28,1995-08-08,1995-12-22,137,110.2425,0.8047,-3.1843,14.227
9048,29,1999-04-11,1999-04-20,10,2.0127,0.2013,-1.7481,0.5363
9048,30,2001-09-20,2001-10-10,21,0.8209,0.0391,-1.4351,0.0613
9048,31,2001-10-31,2002-03-08,129,48.4538,0.3756,-2.2867,6.4165
9048,32,2002-03-24,2002-05-08,46,36.5526,0.7946,-3.0047,7.1905
9048,33,2003-09-06,2003-09-22,17,2.2822,0.1342,-1.4962,0.2546
9048,34,2004-07-27,2004-08-01,6,0.2764,0.0461,-1.3565,0.0907
9048,35,2005-02-27,2005-03-12,14,2.837,0.2026,-1.7004,0.6327
9048,36,2005-05-09,2005-06-07,30,2.2602,0.0753,-1.6245,0.4265
9048,37,2005-10-22,2005-11-07,17,0.9807,0.0577,-1.5499,0.1089
9048,38,2006-02-09,2006-02-15,7,0.7549,0.1078,-1.481,0.0267
9048,39,2007-01-19,2007-01-29,11,0.5831,0.053,-1.3757,0.0663
9048,40,2008-01-24,2008-03-26,63,36.2018,0.5746,-2.4229,5.9787
9048,41,2009-10-16,2009-12-21,67,7.6796,0.1146,-1.6875,0.7516
9048,42,2010-10-05,2010-10-30,26,8.6062,0.331,-1.7955,1.1499
9048,43,2011-10-08,2012-02-25,141,44.2926,0.3141,-2.0718,5.7038
9048,44,2012-03-22,2012-04-13,23,4.6601,0.2026,-1.6337,1.155
9048,45,2012-05-27,2012-06-21,26,5.8901,0.2265,-1.8998,0.8869
9048,46,2013-01-10,2013-01-14,5,0.1466,0.0293,-1.328,0.0016
9048,47,2013-10-09,2013-10-14,6,0.0054,0.0009,-1.2825,0.0127
9048,48,2014-06-27,2014-07-14,18,2.2322,0.124,-1.8327,0.4236
9048,49,2014-09-24,2014-10-08,15,2.6664,0.1778,-1.5063,0.3823
9048,50,2014-10-20,2014-11-01,13,3.2389,0.2491,-1.6044,0.3668
9048,51,2015-05-23,2015-06-01,10,1.8128,0.1813,-1.6046,0.2787
9048,52,2015-09-05,2015-09-14,10,5.4945,0.5494,-1.9344,0.8301
9048,53,2015-12-15,2016-01-03,20,4.5413,0.2271,-1.64,0.4484
9048,54,2016-11-01,2016-11-20,20,0.7049,0.0352,-1.4116,0.0861
9048,55,2016-12-18,2017-01-30,44,7.6711,0.1743,-1.6826,1.037
9048,56,2017-03-19,2017-10-14,210,132.6884,0.6318,-3.572,21.1319
9048,57,2019-01-11,2019-01-23,13,0.1807,0.0139,-1.3817,0.0137
9048,58,2019-09-11,2019-09-27,17,2.1957,0.1292,-1.632,0.2337
9050,1,1964-01-23,1964-02-15,24,5.7303,0.2388,-1.6804,1.0014
9050,2,1965-08-13,1965-08-20,8,5.6126,0.7016,-3.4613,0.0449
9050,3,1967-04-25,1967-04-29,5,0.5405,0.1081,-1.4353,0.0164
9050,4,1970-07-26,1970-09-05,42,15.0165,0.3575,-2.0335,0.1405
9050,5,1971-01-09,1971-01-15,7,0.2841,0.0406,-1.3347,0.0876
9050,6,1971-03-04,1971-03-19,16,2.4487,0.153,-1.5729,0.2594
9050,7,1973-11-13,1974-01-05,54,17.6038,0.326,-1.9403,1.4556
9050,8,1982-04-29,1982-05-27,29,16.774,0.5784,-2.3801,1.9637
9050,9,1982-06-18,1982-07-23,36,12.6504,0.3514,-1.9401,0.3837
9050,10,1982-09-01,1982-09-12,12,6.9884,0.5824,-1.9528,0.1026
9050,11,1983-02-15,1983-02-23,9,1.1485,0.1276,-1.4729,0.2138
9050,12,1983-03-24,1983-04-02,10,0.4469,0.0447,-1.3733,0.0957
9050,13,1984-07-21,1984-08-01,12,3.2838,0.2737,-1.6938,0.0206
9050,14,1985-07-30,1985-08-22,24,1.2573,0.0524,-1.6663,0.0066
9050,15,1985-09-15,1985-12-24,101,55.9673,0.5541,-2.3239,2.6154
9050,16,1986-01-07,1986-01-15,9,0.6351,0.0706,-1.5402,0.1185
9050,17,1986-02-07,1986-02-14,8,1.0597,0.1325,-1.5307,0.2103
9050,18,1986-07-06,1986-07-31,26,4.0014,0.1539,-1.7935,0.0416
9050,19,1986-09-05,1986-09-10,6,0.0767,0.0128,-1.3057,0.0
9050,20,1987-05-08,1987-06-06,30,2.837,0.0946,-1.6792,0.3401
9050,21,1987-09-01,1987-09-22,22,3.0653,0.1393,-1.5286,0.0307
9050,22,1988-12-03,1989-04-13,132,110.8606,0.8399,-2.9559,12.1791
9050,23,1989-05-12,1989-05-26,15,13.2932,0.8862,-3.3159,1.3425
9050,24,1989-06-17,1989-07-05,19,16.4661,0.8666,-2.3865,0.5455
9050,25,1989-07-17,1989-12-16,153,68.3844,0.447,-2.1757,2.0106
9050,26,1990-02-24,1990-04-09,45,37.5104,0.8336,-2.6916,4.5122
9050,27,1990-06-03,1990-06-10,8,1.9504,0.2438,-2.2098,0.139
9050,28,1990-06-26,1990-10-29,126,109.8327,0.8717,-2.6448,1.6457
9050,29,1991-06-30,1991-10-26,119,46.0954,0.3874,-2.4704,0.6225
9050,30,1991-12-22,1992-03-24,94,36.512,0.3884,-1.9302,4.5695
9050,31,1992-05-24,1992-06-06,14,1.4004,0.1,-1.6797,0.1375
9050,32,1992-09-23,1992-10-05,13,0.3391,0.0261,-1.4879,0.0024
9050,33,1993-02-23,1993-03-02,8,0.3924,0.049,-1.3782,0.0387
9050,34,1993-04-17,1993-04-21,5,0.5571,0.1114,-1.4263,0.0934
9050,35,1994-04-14,1994-05-14,31,12.3264,0.3976,-2.2613,1.6219
9050,36,1994-06-01,1994-06-16,16,0.2783,0.0174,-1.4284,0.0222
9050,37,1994-06-30,1994-07-04,5,1.2529,0.2506,-1.7917,0.0374
9050,38,1995-04-03,1995-05-11,39,10.0137,0.2568,-1.7727,1.475
9050,39,1995-05-26,1995-06-30,36,10.8002,0.3,-1.975,0.8697
9050,40,1997-03-25,1997-05-15,52,28.108,0.5405,-2.1822,4.0752
9050,41,1998-03-27,1998-04-02,7,0.49,0.07,-1.3897,0.0926
9050,42,1999-01-04,1999-01-09,6,0.3285,0.0547,-1.4667,0.0808
9050,43,1999-06-04,1999-06-18,15,1.4781,0.0985,-1.6292,0.1017
9050,44,2000-02-28,2000-04-07,40,13.9059,0.3476,-1.8678,1.8728
9050,45,2000-06-16,2000-06-24,9,2.3985,0.2665,-1.7719,0.1135
9050,46,2001-04-16,2001-07-05,81,67.9331,0.8387,-2.8279,6.6363
9050,47,2001-10-07,2002-01-09,95,11.885,0.1251,-1.5578,0.8936
9050,48,2002-01-24,2002-03-12,48,17.917,0.3733,-2.1436,2.3299
9050,49,2002-03-31,2002-04-07,8,0.6557,0.082,-1.4666,0.1404
9050,50,2002-04-26,2002-05-08,13,5.172,0.3978,-1.8552,0.6258
9050,51,2002-05-21,2002-06-04,15,1.598,0.1065,-1.7598,0.1612
9050,52,2003-07-28,2003-08-02,6,1.4855,0.2476,-1.6477,0.0084
9050,53,2003-10-15,2003-10-19,5,0.2206,0.0441,-1.3576,0.0
9050,54,2005-06-24,2005-10-11,110,17.3668,0.1579,-1.9245,0.2052
9050,55,2007-12-07,2008-03-25,110,20.8187,0.1893,-2.0697,2.5922
9050,56,2015-12-10,2016-01-04,26,33.2569,1.2791,-2.7355,2.1778
9050,57,2016-01-18,2016-02-10,24,28.8508,1.2021,-2.8324,2.9953
9050,58,2016-06-29,2016-09-10,74,25.984,0.3511,-2.2405,0.4091
9050,59,2016-09-24,2016-10-09,16,2.263,0.1414,-1.829,0.0213
9050,60,2017-04-09,2017-05-10,32,9.1479,0.2859,-2.1412,1.2647
9050,61,2017-06-14,2017-12-10,180,133.3556,0.7409,-2.7211,3.4656
9063,1,1964-01-26,1964-02-14,20,0.9684,0.0484,-1.4162,0.0219
9063,2,1970-07-22,1970-07-26,5,0.9025,0.1805,-1.5438,0.0129
9063,3,1970-12-23,1971-01-08,17,6.8667,0.4039,-2.3202,0.5692
9063,4,1973-11-24,1973-11-28,5,2.3241,0.4648,-1.8351,0.1697
9063,5,1981-09-05,1981-09-21,17,14.1318,0.8313,-3.5676,0.1024
9063,6,1981-11-17,1981-11-28,12,5.3235,0.4436,-2.1581,0.356
9063,7,1985-11-26,1985-12-24,29,6.7002,0.231,-2.2032,0.2877
9063,8,1988-11-14,1988-12-01,18,6.0369,0.3354,-1.899,0.4248
9063,9,1988-12-15,1989-02-23,71,48.6704,0.6855,-2.6727,5.0344
9063,10,1989-03-15,1989-04-02,19,2.8832,0.1517,-2.1175,0.5174
9063,11,1989-12-08,1989-12-16,9,2.4089,0.2677,-1.7774,0.1144
9063,12,1990-01-01,1990-01-25,25,4.3516,0.1741,-1.7066,0.569
9063,13,1990-02-25,1990-04-05,40,31.9253,0.7981,-2.7876,5.1988
9063,14,1990-05-14,1990-05-19,6,0.4446,0.0741,-1.4432,0.0962
9063,15,1991-08-26,1991-08-30,5,2.0255,0.4051,-1.9326,0.0156
9063,16,1992-01-19,1992-03-25,67,28.682,0.4281,-2.303,4.2646
9063,17,1993-01-23,1993-04-23,91,47.2278,0.519,-2.5653,7.1195
9063,18,1993-08-09,1993-08-13,5,0.5315,0.1063,-1.6492,0.0069
9063,19,1994-08-24,1994-09-13,21,0.2156,0.0103,-1.4172,0.0
9063,20,1994-12-05,1994-12-19,15,4.6166,0.3078,-1.9517,0.2522
9063,21,1995-04-06,1995-04-23,18,9.9415,0.5523,-2.1534,1.8935
9063,22,1995-05-07,1995-05-11,5,0.7822,0.1564,-1.5041,0.1554
9063,23,1995-06-12,1995-06-26,15,0.5004,0.0334,-1.4514,0.0035
9063,24,1995-07-25,1995-09-12,50,3.017,0.0603,-1.5546,0.0161
9063,25,1995-10-12,1995-11-21,41,17.7561,0.4331,-3.1377,0.5986
9063,26,1996-07-21,1996-07-25,5,3.3473,0.6695,-2.0625,0.063
9063,27,1997-03-05,1997-05-05,62,42.5121,0.6857,-2.5212,7.3121
9063,28,1997-10-30,1997-11-03,5,0.2759,0.0552,-1.3865,0.0289
9063,29,1998-02-16,1998-02-22,7,1.0451,0.1493,-1.5459,0.1252
9063,30,1998-03-25,1998-04-02,9,2.1596,0.24,-1.7226,0.4971
9063,31,2000-01-19,2000-02-13,26,7.0914,0.2727,-1.798,0.8311
9063,32,2000-02-28,2000-03-31,33,12.7785,0.3872,-2.2493,2.2073
9063,33,2001-09-02,2001-09-21,20,6.6101,0.3305,-1.9067,0.0622
9063,34,2001-10-30,2001-11-12,14,3.3364,0.2383,-1.9942,0.1727
9063,35,2001-12-09,2002-02-05,59,34.099,0.5779,-2.6851,2.7753
9063,36,2002-03-28,2002-04-03,7,1.8553,0.265,-1.7277,0.4431
9063,37,2002-04-24,2002-05-05,12,3.8284,0.319,-1.8778,0.6366
9063,38,2003-04-22,2003-09-03,135,23.5194,0.1742,-1.9771,1.4891
9063,39,2004-12-08,2004-12-17,10,2.8286,0.2829,-1.8321,0.1445
9063,40,2005-01-14,2005-01-18,5,0.7867,0.1573,-1.5193,0.1154
9063,41,2005-02-27,2005-03-10,12,4.7096,0.3925,-1.8758,0.8114
9063,42,2005-06-07,2005-10-12,128,47.2232,0.3689,-4.167,0.6606
9063,43,2006-02-05,2006-02-15,11,1.7078,0.1553,-1.5168,0.1291
9063,44,2006-04-13,2006-07-25,104,50.6239,0.4868,-2.6153,3.726
9063,45,2006-08-07,2006-09-10,35,12.3187,0.352,-2.39,0.1331
9063,46,2006-12-27,2007-01-29,34,8.364,0.246,-2.0738,0.9467
9063,47,2007-10-30,2007-12-03,35,18.4986,0.5285,-3.3822,0.8333
9063,48,2007-12-16,2008-01-02,18,5.9555,0.3309,-1.775,0.3821
9063,49,2008-01-30,2008-03-21,52,19.9736,0.3841,-2.3707,2.8764
9063,50,2009-07-03,2009-07-14,12,0.537,0.0448,-1.4019,0.0242
9063,51,2009-07-26,2009-08-08,14,1.1037,0.0788,-1.5053,0.0276
9063,52,2009-08-20,2009-10-20,62,12.8136,0.2067,-1.9496,0.1847
9063,53,2010-04-16,2010-04-30,15,3.5102,0.234,-1.8227,0.6034
9063,54,2011-04-10,2011-07-24,106,64.3661,0.6072,-2.6377,6.5121
9063,55,2011-08-24,2011-11-01,70,25.9976,0.3714,-2.1993,0.4915
9063,56,2011-11-21,2011-12-16,26,14.4099,0.5542,-2.3962,0.8567
9063,57,2012-01-16,2012-02-23,39,17.8837,0.4586,-2.2915,2.1584
9063,58,2012-03-11,2012-04-05,26,7.096,0.2729,-2.0019,1.4286
9063,59,2012-09-07,2012-09-24,18,1.5747,0.0875,-1.4733,0.0
9063,60,2014-05-15,2014-05-20,6,0.5388,0.0898,-1.437,0.1027
9063,61,2014-10-30,2014-11-03,5,0.2559,0.0512,-1.3865,0.028
9063,62,2015-05-12,2015-06-10,30,2.1248,0.0708,-1.5232,0.3091
9063,63,2015-07-02,2015-07-17,16,1.0421,0.0651,-1.465,0.0371
9063,64,2015-11-12,2015-11-21,10,3.5384,0.3538,-1.8642,0.2383
9063,65,2015-12-10,2016-01-03,25,16.2826,0.6513,-2.3236,1.1426
9063,66,2016-07-31,2016-09-13,45,10.0366,0.223,-1.7388,0.1266
9063,67,2016-09-26,2016-11-04,40,13.2746,0.3319,-2.1031,0.3475
9063,68,2016-12-11,2017-01-10,31,22.4019,0.7226,-2.5084,1.7586
9063,69,2017-04-15,2017-08-27,135,35.9322,0.2662,-2.3125,3.3064
9063,70,2017-10-10,2017-11-04,26,10.5315,0.4051,-2.2824,0.3045
9063,71,2017-11-21,2017-12-08,18,7.5227,0.4179,-2.2646,0.4297
9063,72,2018-10-02,2018-10-07,6,1.8208,0.3035,-1.665,0.0389
9063,73,2018-10-25,2018-10-31,7,1.0736,0.1534,-1.5386,0.0634
9063,74,2018-11-15,2018-11-23,9,2.4054,0.2673,-1.7472,0.1695
9063,75,2018-12-06,2018-12-13,8,3.7909,0.4739,-2.0078,0.2104
9063,76,2018-12-25,2019-01-22,29,25.6109,0.8831,-2.5923,2.4063
9063,77,2019-03-22,2019-04-08,18,3.7132,0.2063,-1.7517,0.8776
9063,78,2019-07-11,2019-07-23,13,22.5093,1.7315,-4.0788,0.4051
9063,79,2019-08-09,2019-11-01,85,30.8007,0.3624,-3.3182,0.3913
9063,80,2020-02-14,2020-03-01,17,5.474,0.322,-1.9167,0.796
9063,81,2020-04-14,2020-04-18,5,0.826,0.1652,-1.5461,0.1649
9063,82,2020-07-24,2020-09-23,62,18.6251,0.3004,-2.0129,0.1931
9063,83,2020-11-23,2020-12-06,14,5.2517,0.3751,-1.9629,0.3179
9064,1,1964-01-06,1964-01-26,21,5.924,0.2821,-2.079,0.751
9064,2,1970-12-02,1970-12-07,6,0.345,0.0575,-1.3947,0.005
9064,3,1973-09-28,1973-11-29,63,34.7671,0.5519,-2.9928,0.3736
9064,4,1975-12-22,1976-02-02,43,15.188,0.3532,-1.8902,1.694
9064,5,1976-03-02,1976-03-13,12,5.8512,0.4876,-2.0399,0.7183
9064,6,1976-04-02,1976-04-15,14,2.9557,0.2111,-2.1664,0.2929
9064,7,1976-05-15,1976-06-02,19,2.7372,0.1441,-1.6548,0.2929
9064,8,1977-03-11,1977-04-11,32,12.1769,0.3805,-2.0779,1.3792
9064,9,1978-10-11,1978-11-04,25,4.2959,0.1718,-1.8937,0.061
9064,10,1978-11-17,1978-12-02,16,2.4999,0.1562,-1.6768,0.0456
9064,11,1980-02-15,1980-02-23,9,3.2371,0.3597,-1.8546,0.3239
9064,12,1980-04-30,1980-05-04,5,0.5523,0.1105,-1.4844,0.0885
9064,13,1980-10-01,1980-10-08,8,5.5639,0.6955,-2.0935,0.0406
9064,14,1981-08-29,1981-09-21,24,7.7851,0.3244,-2.4199,0.0483
9064,15,1981-11-12,1981-11-28,17,5.2006,0.3059,-1.8081,0.1395
9064,16,1982-05-15,1982-05-29,15,3.6299,0.242,-1.7523,0.3705
9064,17,1983-03-15,1983-03-24,10,0.2443,0.0244,-1.3644,0.0097
9064,18,1983-11-02,1983-12-16,45,5.8917,0.1309,-2.0689,0.2936
9064,19,1984-02-21,1984-02-29,9,0.365,0.0406,-1.356,0.0
9064,20,1984-04-17,1984-05-14,28,14.7545,0.5269,-3.2919,1.3495
9064,21,1984-07-26,1984-09-18,55,20.201,0.3673,-2.6927,0.1284
9064,22,1984-10-25,1984-11-02,9,0.7498,0.0833,-1.7364,0.0147
9064,23,1984-12-12,1984-12-17,6,1.2535,0.2089,-1.7341,0.1004
9064,24,1985-08-22,1985-12-24,125,58.2271,0.4658,-3.7889,1.8234
9064,25,1986-06-12,1986-07-26,45,18.6442,0.4143,-2.6772,0.3227
9064,26,1986-11-30,1986-12-08,9,5.7018,0.6335,-2.2208,0.2562
9064,27,1987-03-12,1987-03-27,16,15.2117,0.9507,-2.7256,1.4696
9064,28,1987-04-21,1987-07-06,77,34.0826,0.4426,-2.3461,2.6681
9064,29,1987-09-07,1987-09-23,17,10.9619,0.6448,-2.4707,0.0636
9064,30,1987-12-25,1988-01-02,9,2.1609,0.2401,-1.6439,0.2007
9064,31,1988-11-06,1988-12-01,26,9.8059,0.3771,-2.2943,0.2868
9064,32,1988-12-19,1989-02-24,68,33.3578,0.4906,-2.9432,2.8879
9064,33,1989-03-19,1989-04-03,16,0.6961,0.0435,-1.4009,0.048
9064,34,1989-10-04,1989-11-04,32,5.8632,0.1832,-2.4482,0.0639
9064,35,1989-12-03,1990-04-05,124,61.5941,0.4967,-2.8019,6.1892
9064,36,1990-07-01,1990-07-27,27,1.3062,0.0484,-1.5111,0.0087
9064,37,1990-08-08,1990-09-09,33,7.7521,0.2349,-1.8339,0.0518
9064,38,1990-09-29,1990-10-21,23,2.2908,0.0996,-1.6075,0.0131
9064,39,1991-08-04,1991-08-08,5,0.2834,0.0567,-1.3943,0.0009
9064,40,1991-08-25,1991-08-29,5,0.5438,0.1088,-1.4069,0.0033
9064,41,1992-01-17,1992-03-23,67,24.172,0.3608,-2.0278,2.609
9064,42,1993-01-20,1993-04-23,94,35.4373,0.377,-2.3618,3.7877
9064,43,1994-03-18,1994-04-01,15,1.0526,0.0702,-1.6343,0.0915
9064,44,1995-04-04,1995-04-15,12,1.799,0.1499,-1.5225,0.1221
9064,45,1995-05-05,1995-05-12,8,6.3101,0.7888,-2.3222,0.54
9064,46,1995-07-17,1995-09-11,57,42.662,0.7485,-3.8824,0.3006
9064,47,1995-10-21,1995-11-10,21,5.0529,0.2406,-1.6746,0.0986
9064,48,1997-03-15,1997-05-05,52,13.3324,0.2564,-1.8949,1.5203
9064,49,1998-01-30,1998-03-08,38,14.918,0.3926,-2.5911,1.4143
9064,50,1998-03-28,1998-04-02,6,0.1664,0.0277,-1.3313,0.0
9064,51,2002-03-26,2002-04-03,9,2.669,0.2966,-1.7187,0.3591
9064,52,2002-04-22,2002-05-06,15,3.191,0.2127,-1.6627,0.4477
9064,53,2003-08-12,2003-08-28,17,8.2534,0.4855,-2.9419,0.0418
9064,54,2004-09-23,2004-10-15,23,5.18,0.2252,-1.8338,0.0347
9064,55,2004-12-12,2004-12-17,6,1.9473,0.3245,-1.8011,0.1592
9064,56,2005-03-01,2005-03-08,8,0.3702,0.0463,-1.3629,0.0
9064,57,2005-06-19,2005-10-12,116,47.9412,0.4133,-2.2159,0.5553
9064,58,2006-02-07,2006-02-15,9,1.1186,0.1243,-1.4794,0.072
9064,59,2006-04-07,2006-04-14,8,0.4992,0.0624,-1.4314,0.0295
9064,60,2006-05-24,2006-08-16,85,43.6808,0.5139,-2.7859,1.2994
9064,61,2006-08-31,2006-09-12,13,4.0586,0.3122,-1.8803,0.0318
9064,62,2006-11-09,2006-11-15,7,1.4255,0.2036,-1.6043,0.0379
9064,63,2006-12-29,2007-01-22,25,5.285,0.2114,-2.2014,0.6059
9064,64,2007-10-23,2007-12-03,42,10.0992,0.2405,-2.206,0.2103
9064,65,2008-01-31,2008-03-08,38,10.6169,0.2794,-2.002,1.2139
9064,66,2009-09-10,2009-09-16,7,0.2722,0.0389,-1.3966,0.0021
9064,67,2009-10-06,2009-10-20,15,0.9112,0.0607,-1.5671,0.0052
9064,68,2010-04-18,2010-04-30,13,1.1886,0.0914,-1.5275,0.179
9064,69,2011-04-13,2011-07-24,103,49.0251,0.476,-2.7835,3.1235
9064,70,2011-08-05,2011-08-28,24,1.6648,0.0694,-1.4713,0.0037
9064,71,2011-09-14,2011-11-03,51,12.3281,0.2417,-2.2022,0.1182
9064,72,2011-11-21,2011-12-16,26,12.6996,0.4884,-2.2423,0.5512
9064,73,2012-01-17,2012-02-18,33,9.3368,0.2829,-1.9966,0.9794
9064,74,2012-03-16,2012-04-05,21,3.564,0.1697,-1.8,0.4231
9064,75,2012-07-01,2012-08-14,45,3.1564,0.0701,-1.574,0.032
9064,76,2012-09-13,2012-10-11,29,5.5062,0.1899,-2.0177,0.0328
9064,77,2015-11-16,2015-11-21,6,1.5017,0.2503,-1.6823,0.0347
9064,78,2015-12-14,2016-01-03,21,12.0717,0.5748,-2.1954,0.9689
9064,79,2016-08-17,2016-09-13,28,1.9021,0.0679,-1.5675,0.0143
9064,80,2016-09-28,2016-11-04,38,5.5143,0.1451,-1.689,0.059
9064,81,2016-12-14,2017-01-10,28,23.6175,0.8435,-4.7534,1.6566
9064,82,2017-04-15,2017-08-28,136,44.6822,0.3285,-2.468,1.8367
9064,83,2017-10-11,2017-11-04,25,4.2559,0.1702,-1.7996,0.0505
9064,84,2017-11-21,2017-12-06,16,3.3699,0.2106,-1.746,0.1155
9064,85,2018-10-25,2018-10-29,5,0.2421,0.0484,-1.3943,0.0
9064,86,2018-11-16,2018-11-20,5,0.95,0.19,-1.5194,0.0207
9064,87,2018-12-28,2019-01-22,26,14.6856,0.5648,-2.3954,1.4477
9064,88,2019-03-27,2019-04-23,28,3.4457,0.1231,-1.7231,0.439
9064,89,2019-09-30,2019-11-01,33,4.8641,0.1474,-1.8738,0.0407
9064,90,2020-02-15,2020-02-27,13,3.0988,0.2384,-1.6959,0.3006
9064,91,2020-08-22,2020-08-27,6,0.1082,0.018,-1.3378,0.0
9064,92,2020-09-08,2020-09-19,12,2.23,0.1858,-1.8345,0.0156
9065,1,1964-01-07,1964-02-15,40,17.5152,0.4379,-2.7187,5.7214
9065,2,1964-05-01,1964-09-29,152,127.579,0.8393,-3.1722,25.6289
9065,3,1967-03-24,1967-03-31,8,0.8224,0.1028,-1.4668,0.7222
9065,4,1973-10-25,1973-11-29,36,10.2952,0.286,-2.4929,1.9991
9065,5,1978-11-08,1978-12-03,26,7.7912,0.2997,-2.0447,1.8636
9065,6,1980-10-02,1980-10-09,8,2.4735,0.3092,-1.78,0.3145
9065,7,1981-09-05,1981-09-21,17,1.0123,0.0595,-1.4436,0.0544
9065,8,1982-07-07,1982-07-20,14,1.3732,0.0981,-1.4809,0.3067
9065,9,1983-11-01,1983-11-06,6,1.1871,0.1979,-1.5436,0.2725
9065,10,1983-11-26,1983-12-10,15,0.4816,0.0321,-1.4012,0.2177
9065,11,1985-07-29,1985-11-05,100,36.8645,0.3686,-2.5861,4.1827
9065,12,1985-11-17,1985-12-23,37,12.8242,0.3466,-2.3877,4.1709
9065,13,1986-08-22,1986-09-22,32,1.6805,0.0525,-1.5507,0.127
9065,14,1987-08-15,1987-08-23,9,0.4908,0.0545,-1.5933,0.051
9065,15,1987-09-08,1987-10-01,24,8.9318,0.3722,-1.9616,0.9985
9065,16,1988-11-07,1989-02-24,110,58.8025,0.5346,-2.9192,17.1082
9065,17,1989-03-17,1989-04-01,16,2.2381,0.1399,-1.8053,1.1794
9065,18,1989-09-03,1989-11-04,63,17.135,0.272,-2.707,1.9309
9065,19,1989-12-04,1989-12-18,15,5.1955,0.3464,-2.123,1.8135
9065,20,1989-12-30,1990-01-26,28,8.3045,0.2966,-2.3036,2.7258
9065,21,1990-02-25,1990-04-05,40,18.0747,0.4519,-2.2076,8.9224
9065,22,1990-09-29,1990-10-21,23,5.6725,0.2466,-1.7718,0.7112
9065,23,1992-01-24,1992-02-12,20,3.6669,0.1833,-1.6279,1.1206
9065,24,1992-02-24,1992-03-23,29,17.2834,0.596,-2.3661,8.1255
9065,25,1993-02-04,1993-03-07,32,18.9782,0.5931,-2.3822,8.4722
9065,26,1993-03-19,1993-03-31,13,0.1953,0.015,-1.361,0.0959
9065,27,1993-07-31,1993-09-15,47,13.8093,0.2938,-2.0289,1.3625
9065,28,1994-08-10,1994-09-19,41,19.2449,0.4694,-2.5766,1.899
9065,29,1994-10-01,1994-10-15,15,1.667,0.1111,-1.8856,0.193
9065,30,1995-04-13,1995-04-24,12,2.1457,0.1788,-1.7726,1.3097
9065,31,1995-07-14,1995-09-27,76,44.986,0.5919,-2.6349,4.9577
9065,32,1995-10-22,1995-11-21,31,27.9053,0.9002,-2.751,3.4379
9065,33,1996-06-14,1996-07-25,42,8.416,0.2004,-1.8911,2.0178
9065,34,1997-03-05,1997-04-27,54,47.7723,0.8847,-2.9396,19.9458
9065,35,1997-10-30,1997-11-05,7,5.9516,0.8502,-2.3885,0.8677
9065,36,1998-03-29,1998-04-04,7,0.6935,0.0991,-1.4245,0.5207
9065,37,1998-07-27,1998-08-31,36,3.0543,0.0848,-1.9498,0.3063
9065,38,2000-02-09,2000-02-13,5,0.6097,0.1219,-1.5222,0.1663
9065,39,2000-03-18,2000-03-26,9,1.5133,0.1681,-1.6059,0.884
9065,40,2000-09-15,2000-10-10,26,4.3596,0.1677,-2.1996,0.4444
9065,41,2001-07-29,2001-10-17,81,12.3906,0.153,-2.1546,1.1908
9065,42,2001-10-30,2001-11-09,11,4.1789,0.3799,-1.8017,0.7791
9065,43,2001-12-14,2002-01-15,33,21.9821,0.6661,-3.9094,6.3466
9065,44,2002-01-27,2002-02-05,10,3.7914,0.3791,-2.0282,1.3624
9065,45,2002-03-29,2002-04-03,6,0.7559,0.126,-1.4752,0.551
9065,46,2002-04-25,2002-05-03,9,0.3747,0.0416,-1.4254,0.4497
9065,47,2002-07-06,2002-08-22,48,7.99,0.1665,-2.0962,0.9544
9065,48,2002-10-02,2002-10-10,9,2.4137,0.2682,-1.78,0.3059
9065,49,2003-04-30,2003-05-05,6,2.1959,0.366,-1.8793,1.1634
9065,50,2003-05-21,2003-09-03,106,75.1326,0.7088,-3.2455,12.624
9065,51,2004-06-09,2004-08-15,68,20.4896,0.3013,-2.2742,4.4903
9065,52,2004-09-19,2004-10-19,31,2.9297,0.0945,-1.5814,0.3535
9065,53,2004-11-26,2004-12-17,22,5.6905,0.2587,-2.2506,1.868
9065,54,2005-01-09,2005-03-12,63,13.1994,0.2095,-2.1443,5.3982
9065,55,2005-06-03,2005-06-27,25,9.9466,0.3979,-2.3679,3.2068
9065,56,2006-02-07,2006-02-16,10,0.6741,0.0674,-1.4022,0.0804
9065,57,2006-04-07,2006-04-21,15,3.3948,0.2263,-1.8023,1.9586
9065,58,2006-05-18,2006-06-30,44,41.3122,0.9389,-2.874,10.9109
9065,59,2006-09-16,2006-09-21,6,0.4866,0.0811,-1.5197,0.0454
9065,60,2006-11-11,2006-11-15,5,0.4168,0.0834,-1.4146,0.0683
9065,61,2006-12-22,2007-01-23,33,14.7374,0.4466,-2.3178,4.9827
9065,62,2007-03-06,2007-03-18,13,0.4744,0.0365,-1.4658,0.2143
9065,63,2007-05-15,2007-05-25,11,0.8278,0.0753,-1.5513,0.6113
9065,64,2007-06-08,2007-06-26,19,1.8748,0.0987,-1.6544,0.8627
9065,65,2007-10-24,2008-01-03,72,7.3955,0.1027,-1.7525,2.6915
9065,66,2008-01-26,2008-03-21,56,28.809,0.5144,-2.9641,11.8304
9065,67,2009-01-06,2009-01-19,14,2.6777,0.1913,-1.7104,0.8183
9065,68,2010-04-14,2010-04-30,17,2.6454,0.1556,-1.5217,1.9545
9065,69,2011-01-22,2011-02-20,30,7.2734,0.2424,-1.9467,2.7073
9065,70,2011-04-07,2011-05-23,47,19.1525,0.4075,-2.4465,9.7958
9065,71,2011-11-21,2011-12-17,27,9.0992,0.337,-1.8671,3.0625
9065,72,2012-01-12,2012-04-06,86,36.2844,0.4219,-2.3261,15.2801
9065,73,2015-12-20,2016-01-03,15,6.9935,0.4662,-3.194,2.4068
9065,74,2016-05-01,2016-05-08,8,0.9796,0.1224,-1.5816,0.7004
9065,75,2016-06-15,2016-07-16,32,0.2348,0.0073,-1.401,0.1364
9065,76,2016-12-04,2017-01-09,37,6.6128,0.1787,-2.076,2.5137
9065,77,2017-02-26,2017-03-03,6,0.2534,0.0422,-1.4551,0.1231
9065,78,2017-03-19,2017-03-25,7,0.1496,0.0214,-1.4038,0.1029
9065,79,2017-04-10,2017-05-25,46,31.1933,0.6781,-2.6348,12.806
9065,80,2017-06-06,2017-06-12,7,3.6605,0.5229,-1.9341,1.4049
9065,81,2017-10-10,2017-11-05,27,12.5388,0.4644,-2.0562,1.7684
9065,82,2017-11-19,2017-12-08,20,7.0217,0.3511,-1.7332,2.0201
9065,83,2018-12-05,2019-01-22,49,27.3153,0.5575,-2.6944,9.2163
9065,84,2019-03-25,2019-04-23,30,7.3778,0.2459,-1.8289,4.3509
9065,85,2019-10-20,2019-10-31,12,0.7318,0.061,-1.68,0.1323
9065,86,2020-02-15,2020-03-01,16,3.8352,0.2397,-1.9997,1.917
9074,1,1961-03-07,1961-04-21,46,15.1419,0.3292,-2.3083,3.8929
9074,2,1961-05-12,1961-05-26,15,1.253,0.0835,-1.5535,0.2237
9074,3,1961-09-03,1961-09-17,15,2.2373,0.1492,-2.4327,0.1156
9074,4,1962-09-12,1962-09-25,14,1.6005,0.1143,-2.2234,0.1026
9074,5,1963-11-09,1963-11-13,5,0.662,0.1324,-1.6517,0.0589
9074,6,1964-01-15,1964-02-13,30,8.176,0.2725,-1.8408,1.7641
9074,7,1964-08-29,1964-09-28,31,8.8545,0.2856,-2.2234,0.5003
9074,8,1966-09-09,1966-09-27,19,1.0097,0.0531,-1.6589,0.0715
9074,9,1967-03-17,1967-03-29,13,1.0595,0.0815,-1.4691,0.5655
9074,10,1968-10-13,1968-12-10,59,15.9288,0.27,-2.499,1.7298
9074,11,1968-12-28,1969-02-11,46,10.6247,0.231,-2.2805,2.154
9074,12,1969-10-27,1969-12-02,37,13.2819,0.359,-2.2828,1.0914
9074,13,1970-09-29,1970-10-19,21,4.1946,0.1997,-2.1469,0.3049
9074,14,1970-11-08,1970-11-15,8,1.6707,0.2088,-1.6546,0.1337
9074,15,1970-11-28,1970-12-08,11,4.9824,0.4529,-2.0792,0.6261
9074,16,1970-12-20,1971-01-18,30,14.3022,0.4767,-2.3272,2.4565
9074,17,1971-10-01,1971-10-09,9,0.3552,0.0395,-1.4243,0.0664
9074,18,1973-11-19,1973-12-01,13,1.633,0.1256,-2.1135,0.2212
9074,19,1976-08-10,1976-08-14,5,1.657,0.3314,-1.7314,0.1217
9074,20,1978-09-16,1978-09-24,9,0.5575,0.0619,-1.6699,0.0345
9074,21,1980-09-29,1980-10-08,10,3.6237,0.3624,-2.6864,0.1856
9074,22,1981-11-16,1981-12-05,20,3.6144,0.1807,-1.8212,0.4252
9074,23,1982-04-12,1982-07-17,97,46.5005,0.4794,-3.5429,5.4292
9074,24,1983-12-05,1983-12-09,5,0.1074,0.0215,-1.3452,0.0344
9074,25,1989-01-01,1989-04-03,93,8.8589,0.0953,-1.6456,3.0295
9074,26,1989-10-08,1989-10-31,24,1.3586,0.0566,-1.5824,0.1822
9074,27,1989-12-05,1990-04-09,126,107.8374,0.8559,-3.4717,18.7982
9074,28,1990-05-05,1990-11-21,201,164.7599,0.8197,-4.039,8.6203
9074,29,1991-09-03,1991-09-10,8,2.6999,0.3375,-2.5119,0.1718
9074,30,1992-01-09,1992-03-23,75,28.2779,0.377,-2.1661,7.2334
9074,31,1993-02-19,1993-02-26,8,0.2256,0.0282,-1.3737,0.2727
9074,32,1995-04-14,1995-04-20,7,0.0252,0.0036,-1.2914,0.0069
9074,33,1995-06-18,1995-06-30,13,7.8115,0.6009,-2.7623,0.5089
9074,34,1995-07-23,1995-09-14,54,14.822,0.2745,-2.1161,1.0089
9074,35,1995-10-30,1995-11-17,19,0.519,0.0273,-1.4635,0.0552
9074,36,1995-11-30,1995-12-24,25,4.2593,0.1704,-1.9782,0.6114
9074,37,1996-07-02,1996-07-24,23,4.864,0.2115,-2.5988,0.3078
9074,38,1996-10-18,1996-11-16,30,36.0682,1.2023,-4.7534,1.489
9074,39,1997-04-01,1997-05-16,46,29.5279,0.6419,-2.5393,4.9807
9074,40,1998-07-15,1998-08-27,44,4.4525,0.1012,-2.1709,0.3838
9074,41,1999-06-24,1999-07-25,32,4.5503,0.1422,-1.9345,0.3314
9074,42,1999-08-18,1999-08-29,12,0.805,0.0671,-1.4821,0.1185
9074,43,2000-03-13,2000-03-27,15,2.0972,0.1398,-1.5372,0.8751
9074,44,2000-06-18,2000-07-09,22,11.6133,0.5279,-2.4961,0.7974
9074,45,2000-07-22,2000-08-10,20,2.22,0.111,-2.062,0.1563
9074,46,2001-05-30,2001-07-04,36,19.314,0.5365,-2.7269,1.5468
9074,47,2001-08-14,2001-08-25,12,0.8944,0.0745,-1.5875,0.0941
9074,48,2001-12-18,2001-12-30,13,2.6402,0.2031,-1.6239,0.4576
9074,49,2002-02-01,2002-02-05,5,0.6317,0.1263,-1.4768,0.1538
9074,50,2002-03-29,2002-05-02,35,9.5536,0.273,-2.4918,1.83
9074,51,2002-07-21,2002-07-28,8,1.1721,0.1465,-2.0217,0.0897
9074,52,2003-04-28,2003-05-04,7,1.3238,0.1891,-1.5535,0.29
9074,53,2003-06-14,2003-08-27,75,21.3163,0.2842,-2.5355,1.3212
9074,54,2004-02-13,2004-02-17,5,0.3549,0.071,-1.4439,0.1633
9074,55,2005-06-29,2005-08-16,49,4.9718,0.1015,-2.0191,0.4149
9074,56,2005-09-01,2005-09-07,7,0.689,0.0984,-1.71,0.0631
9074,57,2006-05-19,2006-06-15,28,14.2748,0.5098,-2.5006,1.3557
9074,58,2006-08-22,2006-09-01,11,0.1681,0.0153,-1.4159,0.0259
9074,59,2006-11-06,2006-12-05,30,6.011,0.2004,-1.8804,0.4858
9074,60,2006-12-22,2007-01-22,32,25.0424,0.7826,-2.3979,4.343
9074,61,2007-12-20,2008-03-04,76,28.7475,0.3783,-2.1866,6.3786
9074,62,2009-06-03,2009-06-14,12,0.0856,0.0071,-1.3449,0.0111
9074,63,2009-07-18,2009-07-29,12,0.2979,0.0248,-1.4439,0.0267
9074,64,2010-04-12,2010-05-03,22,6.4484,0.2931,-1.9738,1.3017
9074,65,2010-08-24,2010-09-02,10,0.4205,0.0421,-1.4508,0.065
9074,66,2011-01-23,2011-02-19,28,5.7117,0.204,-1.7106,1.4686
9074,67,2011-04-18,2011-04-23,6,0.2193,0.0366,-1.3582,0.0869
9074,68,2011-06-25,2011-07-11,17,1.1148,0.0656,-1.5989,0.1029
9074,69,2011-12-01,2011-12-16,16,1.2167,0.076,-1.5616,0.1859
9074,70,2012-03-17,2012-04-14,29,3.3045,0.1139,-1.5802,0.9978
9074,71,2012-06-29,2012-07-26,28,0.9865,0.0352,-1.5259,0.085
9074,72,2012-08-10,2012-09-24,46,6.9201,0.1504,-1.9091,0.5169
9074,73,2013-10-20,2013-11-10,22,2.1038,0.0956,-2.2803,0.1917
9074,74,2014-05-10,2014-05-23,14,0.8581,0.0613,-1.4441,0.1476
9074,75,2014-06-11,2014-06-16,6,0.3043,0.0507,-1.4236,0.0411
9074,76,2014-10-20,2014-11-01,13,1.6181,0.1245,-1.5192,0.2013
9074,77,2015-11-12,2015-11-21,10,2.9075,0.2908,-1.7525,0.2202
9074,78,2015-12-10,2016-01-03,25,17.7837,0.7113,-2.8,2.3243
9074,79,2016-12-15,2017-01-10,27,3.1347,0.1161,-1.6834,0.7184
9074,80,2017-04-14,2017-06-19,67,18.0464,0.2693,-2.3329,2.8759
9074,81,2019-01-11,2019-01-19,9,0.399,0.0443,-1.389,0.0872
9074,82,2019-03-29,2019-04-15,18,1.0289,0.0572,-1.4288,0.3982
9078,1,1964-01-16,1964-02-14,30,3.088,0.1029,-1.5828,0.0055
9078,2,1965-04-15,1965-05-29,45,11.3979,0.2533,-1.7387,0.0716
9078,3,1970-12-01,1971-01-18,49,23.6729,0.4831,-2.1273,0.0479
9078,4,1981-08-30,1981-09-05,7,1.2885,0.1841,-1.4678,0.0018
9078,5,1981-11-16,1981-12-17,32,10.1825,0.3182,-1.8968,0.0145
9078,6,1982-05-27,1982-06-26,31,18.2688,0.5893,-2.417,0.0341
9078,7,1983-07-08,1983-11-09,125,55.1343,0.4411,-2.1758,0.045
9078,8,1984-08-31,1984-09-30,31,14.8222,0.4781,-2.1758,0.0135
9078,9,1984-10-13,1984-10-24,12,5.0518,0.421,-2.318,0.0028
9078,10,1985-10-28,1985-11-30,34,17.4412,0.513,-2.8973,0.0172
9078,11,1985-12-14,1986-01-24,42,21.7945,0.5189,-2.336,0.0389
9078,12,1986-03-27,1986-04-05,10,2.5294,0.2529,-2.5423,0.0111
9078,13,1986-06-11,1986-07-24,44,13.1471,0.2988,-2.467,0.0112
9078,14,1986-10-31,1986-12-13,44,7.0411,0.16,-1.7949,0.009
9078,15,1989-01-29,1989-04-03,65,52.9549,0.8147,-4.7534,0.1877
9078,16,1989-04-23,1989-04-28,6,2.2033,0.3672,-2.0355,0.0141
9078,17,1989-06-24,1989-07-31,38,15.0928,0.3972,-2.3823,0.0119
9078,18,1989-10-17,1989-11-04,19,1.7291,0.091,-1.5249,0.0022
9078,19,1990-01-14,1990-02-11,29,2.9751,0.1026,-1.5745,0.0009
9078,20,1990-02-25,1990-04-17,52,24.8144,0.4772,-1.9449,0.1351
9078,21,1990-07-01,1990-11-09,132,79.7395,0.6041,-2.6068,0.0581
9078,22,1991-01-18,1991-03-01,43,22.6078,0.5258,-2.3835,0.0825
9078,23,1991-08-11,1991-09-02,23,6.1041,0.2654,-1.6557,0.006
9078,24,1992-03-10,1992-03-26,17,2.3258,0.1368,-1.6685,0.0114
9078,25,1992-04-25,1992-06-22,59,33.0502,0.5602,-2.8772,0.094
9078,26,1993-02-07,1993-04-24,77,50.5924,0.657,-2.5576,0.2587
9078,27,1993-05-09,1993-05-16,8,0.4237,0.053,-1.5561,0.0023
9078,28,1995-05-04,1995-05-28,25,4.4787,0.1791,-1.8247,0.0238
9078,29,1995-11-19,1995-12-15,27,4.0914,0.1515,-1.813,0.0047
9078,30,1997-03-09,1997-05-30,83,30.9219,0.3726,-2.3323,0.1495
9078,31,2000-02-04,2000-02-17,14,4.1678,0.2977,-1.7543,0.011
9078,32,2000-03-12,2000-04-03,23,2.737,0.119,-1.4931,0.0
9078,33,2001-05-26,2001-05-30,5,0.272,0.0544,-1.3838,0.0
9078,34,2001-06-22,2001-07-09,18,1.0297,0.0572,-1.6987,0.0009
9078,35,2001-12-15,2002-02-14,62,17.7303,0.286,-1.8404,0.0513
9078,36,2002-03-08,2002-03-13,6,2.6225,0.4371,-1.9085,0.0109
9078,37,2002-05-20,2002-06-27,39,10.1578,0.2605,-1.8293,0.0203
9078,38,2003-05-20,2003-08-21,94,16.0031,0.1702,-1.9028,0.0219
9078,39,2004-10-11,2004-11-01,22,1.6532,0.0751,-1.4826,0.0023
9078,40,2004-11-18,2004-12-01,14,2.4037,0.1717,-1.5907,0.0038
9078,41,2005-02-03,2005-02-13,11,1.1491,0.1045,-1.5184,0.0
9078,42,2005-04-01,2005-04-09,9,1.0623,0.118,-1.5641,0.0012
9078,43,2005-06-04,2005-08-01,59,23.3529,0.3958,-2.909,0.0245
9078,44,2005-10-22,2005-11-08,18,18.3133,1.0174,-2.5646,0.0088
9078,45,2006-06-13,2006-06-23,11,1.2999,0.1182,-1.6868,0.0022
9078,46,2006-07-19,2006-08-01,14,0.7216,0.0515,-1.4459,0.0001
9078,47,2006-09-07,2006-09-12,6,2.113,0.3522,-1.6426,0.0021
9078,48,2007-01-02,2007-01-30,29,8.8695,0.3058,-1.7597,0.0249
9078,49,2007-11-27,2008-01-11,46,22.7619,0.4948,-2.3843,0.0312
9078,50,2008-01-25,2008-03-22,58,37.1453,0.6404,-2.3809,0.1786
9078,51,2009-07-13,2009-08-04,23,7.2633,0.3158,-2.1395,0.003
9078,52,2010-04-25,2010-05-03,9,1.0025,0.1114,-1.6285,0.007
9078,53,2011-01-07,2011-02-16,41,8.7434,0.2133,-1.8951,0.0259
9078,54,2011-04-27,2011-06-06,41,19.4752,0.475,-2.1951,0.0796
9078,55,2011-07-05,2011-07-12,8,1.208,0.151,-1.52,0.0012
9078,56,2011-08-21,2011-10-20,61,34.6116,0.5674,-2.1547,0.0307
9078,57,2011-11-11,2012-04-15,157,93.1062,0.593,-2.6957,0.3669
9078,58,2012-06-30,2012-07-06,7,0.4455,0.0636,-1.4042,0.001
9078,59,2012-07-26,2012-07-31,6,0.1904,0.0317,-1.3844,0.0
9078,60,2012-08-12,2012-09-18,38,23.0812,0.6074,-2.0673,0.0212
9078,61,2016-03-28,2016-04-13,17,5.6194,0.3306,-2.5507,0.0281
9078,62,2016-10-27,2017-01-10,76,41.0728,0.5404,-2.8165,0.0615
9078,63,2017-04-26,2017-05-29,34,5.5726,0.1639,-1.6992,0.0306
9078,64,2017-11-26,2017-11-30,5,0.3334,0.0667,-1.3841,0.0
9078,65,2018-12-30,2019-01-22,24,8.4153,0.3506,-1.7597,0.0195
9078,66,2019-03-14,2019-05-16,64,15.3304,0.2395,-1.8785,0.0841
9078,67,2019-09-29,2019-10-15,17,16.7267,0.9839,-2.5336,0.0116
9078,68,2020-02-27,2020-03-02,5,0.4915,0.0983,-1.391,0.0
9078,69,2020-11-24,2020-12-05,12,1.1944,0.0995,-1.4703,0.0
9079,1,1969-11-15,1969-11-23,9,1.7773,0.1975,-1.6125,0.085
9079,2,1970-11-29,1971-01-05,38,13.2824,0.3495,-2.194,0.4814
9079,3,1971-03-09,1971-03-17,9,2.3056,0.2562,-1.7048,0.1915
9079,4,1973-10-25,1973-11-29,36,14.495,0.4026,-2.2166,0.4075
9079,5,1974-01-21,1974-01-28,8,1.3868,0.1734,-1.5592,0.0588
9079,6,1974-04-19,1974-04-29,11,1.8637,0.1694,-1.5971,0.1718
9079,7,1976-01-10,1976-01-24,15,1.5282,0.1019,-1.541,0.0647
9079,8,1978-11-22,1978-12-02,11,0.2781,0.0253,-1.3737,0.0175
9079,9,1982-04-09,1982-08-17,131,124.168,0.9478,-2.8851,3.377
9079,10,1985-11-21,1986-01-01,42,24.6289,0.5864,-2.6782,0.6331
9079,11,1987-05-03,1987-05-08,6,0.3259,0.0543,-1.3853,0.0347
9079,12,1988-11-20,1988-12-02,13,1.6077,0.1237,-1.5328,0.0696
9079,13,1988-12-30,1989-02-24,57,22.4116,0.3932,-2.1998,1.4966
9079,14,1989-03-11,1989-04-03,24,5.1698,0.2154,-1.7874,0.3952
9079,15,1989-06-14,1989-06-27,14,0.48,0.0343,-1.4245,0.0257
9079,16,1989-09-30,1989-10-04,5,0.6953,0.1391,-1.5292,0.0065
9079,17,1989-12-04,1990-01-27,55,12.1742,0.2213,-1.7312,0.4679
9079,18,1990-02-27,1990-04-04,37,14.4433,0.3904,-2.1525,0.9589
9079,19,1991-02-03,1991-02-09,7,0.307,0.0439,-1.4909,0.0197
9079,20,1992-01-07,1992-03-23,77,24.2354,0.3147,-1.9262,1.7359
9079,21,1992-05-14,1992-05-28,15,1.0694,0.0713,-1.4969,0.0855
9079,22,1992-08-13,1992-08-23,11,0.6431,0.0585,-1.3951,0.0
9079,23,1993-01-09,1993-04-14,96,82.6058,0.8605,-3.3947,4.2873
9079,24,1994-12-06,1994-12-19,14,2.3729,0.1695,-1.6629,0.035
9079,25,1995-04-06,1995-04-23,18,5.496,0.3053,-1.6698,0.4328
9079,26,1995-05-05,1995-05-12,8,1.0907,0.1363,-1.48,0.0835
9079,27,1996-10-01,1996-11-17,48,42.6614,0.8888,-2.9019,0.4491
9079,28,1997-02-28,1997-05-05,67,38.2474,0.5709,-2.5676,2.4077
9079,29,1998-08-27,1998-09-22,27,7.152,0.2649,-1.9028,0.0038
9079,30,2000-01-22,2000-02-13,23,3.3694,0.1465,-1.6436,0.2074
9079,31,2000-03-11,2000-03-26,16,4.897,0.3061,-1.7376,0.3386
9079,32,2001-06-21,2001-07-04,14,4.1202,0.2943,-2.4034,0.0841
9079,33,2001-07-26,2001-09-21,58,22.7708,0.3926,-2.1343,0.0352
9079,34,2001-11-02,2001-11-08,7,0.7732,0.1105,-1.4815,0.0301
9079,35,2001-11-27,2002-02-14,80,38.539,0.4817,-2.949,1.3608
9079,36,2002-03-29,2002-04-03,6,0.9033,0.1506,-1.523,0.0803
9079,37,2002-04-27,2002-05-03,7,1.2096,0.1728,-1.5386,0.0971
9079,38,2002-05-25,2002-06-03,10,1.1916,0.1192,-1.5288,0.0719
9079,39,2002-07-19,2002-08-22,35,9.3795,0.268,-2.1076,0.0342
9079,40,2002-09-23,2002-10-08,16,6.9312,0.4332,-1.8346,0.039
9079,41,2003-04-01,2003-05-05,35,7.4882,0.2139,-2.0629,0.5129
9079,42,2003-05-20,2003-05-25,6,0.6476,0.1079,-1.4826,0.0467
9079,43,2003-06-15,2003-09-03,81,39.3496,0.4858,-2.5066,0.2354
9079,44,2004-07-31,2004-09-01,33,6.7365,0.2041,-1.9511,0.0077
9079,45,2004-10-05,2004-10-21,17,2.9358,0.1727,-1.875,0.0219
9079,46,2004-12-13,2004-12-17,5,0.2108,0.0422,-1.3554,0.0
9079,47,2005-06-18,2005-09-06,81,39.9958,0.4938,-2.7014,0.2418
9079,48,2005-09-26,2005-10-03,8,2.4621,0.3078,-1.7915,0.0156
9079,49,2006-02-10,2006-02-18,9,1.2764,0.1418,-1.5809,0.154
9079,50,2006-05-27,2006-06-13,18,5.0532,0.2807,-1.756,0.1969
9079,51,2006-07-03,2006-09-13,73,41.2538,0.5651,-2.9411,0.1378
9079,52,2006-12-26,2007-01-22,28,6.3645,0.2273,-1.7696,0.3369
9079,53,2008-02-12,2008-03-07,25,6.8698,0.2748,-1.7893,0.6626
9079,54,2009-03-31,2009-04-06,7,0.9899,0.1414,-1.4855,0.0927
9079,55,2009-07-10,2009-07-31,22,2.2126,0.1006,-1.5752,0.0111
9079,56,2009-08-16,2009-09-17,33,9.1435,0.2771,-1.6781,0.0
9079,57,2011-01-28,2011-02-20,24,1.5896,0.0662,-1.455,0.1417
9079,58,2011-04-16,2011-05-31,46,3.9369,0.0856,-1.5215,0.3365
9079,59,2011-07-05,2011-07-20,16,0.8007,0.05,-1.4319,0.0074
9079,60,2011-08-20,2011-11-02,75,35.4463,0.4726,-2.2466,0.2085
9079,61,2011-11-23,2011-12-16,24,5.4799,0.2283,-1.7722,0.1713
9079,62,2012-03-16,2012-04-06,22,3.0966,0.1408,-1.7283,0.2384
9079,63,2013-09-20,2013-11-03,45,7.6208,0.1694,-1.9805,0.0552
9079,64,2015-10-26,2015-11-21,27,2.9984,0.1111,-1.6958,0.1256
9079,65,2015-12-11,2016-01-03,24,15.3299,0.6387,-2.3131,0.4977
9079,66,2016-08-14,2016-09-14,32,15.2102,0.4753,-2.0249,0.0156
9079,67,2016-09-27,2016-11-05,40,13.9758,0.3494,-2.2632,0.148
9079,68,2016-12-06,2017-01-10,36,28.4722,0.7909,-2.7163,0.9421
9079,69,2017-05-15,2017-09-09,118,62.6906,0.5313,-3.1123,0.8022
9079,70,2017-10-26,2017-11-04,10,2.5823,0.2582,-1.7733,0.0454
9079,71,2017-11-23,2017-11-30,8,0.2916,0.0365,-1.419,0.0192
9079,72,2018-08-17,2018-10-30,75,26.0767,0.3477,-2.2865,0.1218
9079,73,2018-12-29,2019-01-20,23,14.1435,0.6149,-2.495,0.6349
9079,74,2019-03-02,2019-03-13,12,2.7289,0.2274,-1.6554,0.2609
9079,75,2019-03-26,2019-04-06,12,5.1289,0.4274,-1.8766,0.3623
9079,76,2019-05-08,2019-05-16,9,0.3094,0.0344,-1.3966,0.0282
9079,77,2019-07-20,2019-11-01,105,57.5212,0.5478,-2.7441,0.1902
9079,78,2020-01-14,2020-01-18,5,0.5474,0.1095,-1.4685,0.0259
9079,79,2020-02-11,2020-02-26,16,5.1059,0.3191,-1.8344,0.4866
9079,80,2020-09-11,2020-09-18,8,2.0604,0.2576,-1.6667,0.0
9093,1,1965-06-05,1965-08-22,79,15.1254,0.1915,-1.6436,0.4738
9093,2,1969-01-29,1969-03-02,33,4.2526,0.1289,-1.6273,0.0899
9093,3,1971-01-01,1971-01-05,5,3.3999,0.68,-2.2453,0.1696
9093,4,1981-09-06,1981-09-30,25,3.7035,0.1481,-1.5202,0.1351
9093,5,1981-11-26,1981-12-17,22,2.304,0.1047,-1.5054,0.1379
9093,6,1982-02-12,1982-02-20,9,0.0828,0.0092,-1.3149,0.0
9093,7,1982-03-14,1982-10-09,210,122.3705,0.5827,-2.4718,6.4227
9093,8,1982-10-24,1982-11-07,15,2.3845,0.159,-1.5293,0.0846
9093,9,1986-01-21,1986-01-28,8,0.1253,0.0157,-1.323,0.0
9093,10,1987-01-10,1987-01-14,5,0.0635,0.0127,-1.3134,0.0078
9093,11,1988-08-25,1988-09-07,14,2.5984,0.1856,-1.5745,0.0886
9093,12,1988-11-24,1988-12-31,38,9.098,0.2394,-1.6746,0.5169
9093,13,1989-01-19,1989-04-07,79,45.9651,0.5818,-3.5149,3.0769
9093,14,1989-04-21,1989-04-25,5,0.5881,0.1176,-1.4359,0.0636
9093,15,1989-05-08,1989-05-28,21,13.5121,0.6434,-2.3426,1.5299
9093,16,1989-06-12,1989-11-20,162,92.1351,0.5687,-3.0461,2.5387
9093,17,1989-12-07,1989-12-11,5,0.3919,0.0784,-1.4529,0.014
9093,18,1990-01-17,1990-01-26,10,1.6067,0.1607,-1.6116,0.1019
9093,19,1990-02-13,1990-07-22,160,126.3967,0.79,-3.2362,11.061
9093,20,1990-08-28,1990-09-16,20,12.3651,0.6183,-2.1077,0.3152
9093,21,1992-01-30,1992-03-25,56,15.6308,0.2791,-1.7062,0.6913
9093,22,1995-10-01,1995-11-04,35,5.6227,0.1606,-1.6234,0.106
9093,23,1999-03-19,1999-07-26,130,46.328,0.3564,-2.0634,3.5342
9093,24,1999-10-02,1999-10-17,16,1.2913,0.0807,-1.5204,0.0181
9093,25,2000-03-30,2000-04-08,10,0.2273,0.0227,-1.3252,0.0
9093,26,2000-10-23,2000-10-31,9,2.9947,0.3327,-1.7253,0.0644
9093,27,2001-06-22,2001-07-02,11,0.2072,0.0188,-1.3516,0.0
9093,28,2001-12-25,2001-12-31,7,0.1176,0.0168,-1.393,0.0264
9093,29,2002-01-12,2002-06-03,143,28.4189,0.1987,-1.7264,2.0455
9093,30,2002-06-16,2002-07-02,17,1.3743,0.0808,-1.5016,0.0275
9093,31,2002-07-18,2002-08-04,18,0.8995,0.05,-1.3977,0.003
9093,32,2007-01-15,2007-01-30,16,0.8172,0.0511,-1.4212,0.0469
9093,33,2008-01-29,2008-03-22,54,9.9877,0.185,-1.5941,0.2524
9093,34,2008-04-03,2008-04-07,5,0.2806,0.0561,-1.3871,0.0
9093,35,2009-09-03,2009-09-15,13,0.9149,0.0704,-1.4353,0.0314
9093,36,2011-11-19,2012-04-27,161,42.8988,0.2665,-1.8074,2.8409
9093,37,2012-05-13,2012-05-18,6,0.2622,0.0437,-1.3804,0.0779
9093,38,2012-06-16,2012-12-14,182,59.9983,0.3297,-2.0593,1.7485
9093,39,2012-12-27,2013-01-16,21,4.3656,0.2079,-1.5794,0.3339
9093,40,2014-10-18,2014-11-02,16,2.0682,0.1293,-1.5267,0.0372
9093,41,2014-11-21,2014-11-25,5,0.2374,0.0475,-1.3759,0.0219
9093,42,2015-12-06,2016-01-04,30,2.6871,0.0896,-1.5261,0.268
9093,43,2016-01-24,2016-02-10,18,2.1649,0.1203,-1.4853,0.0661
9093,44,2016-12-30,2018-01-25,392,304.6002,0.777,-3.152,12.8822
9093,45,2018-10-05,2018-10-28,24,1.3278,0.0553,-1.4525,0.0026
9093,46,2019-01-12,2019-01-19,8,0.3922,0.049,-1.3743,0.0206
9093,47,2019-04-13,2019-04-17,5,0.1591,0.0318,-1.3733,0.0
9093,48,2019-06-28,2019-07-31,34,3.119,0.0917,-1.5655,0.0502
9093,49,2019-10-04,2019-11-10,38,10.6156,0.2794,-1.9795,0.2765
9096,1,1966-10-08,1966-11-01,25,3.5264,0.1411,-2.0837,0.6796
9096,2,1967-02-26,1967-03-09,12,0.5906,0.0492,-1.4951,0.2055
9096,3,1967-08-26,1967-09-12,18,5.0506,0.2806,-4.7534,0.5702
9096,4,1967-09-27,1967-10-05,9,2.8116,0.3124,-3.0242,0.3292
9096,5,1975-10-09,1975-10-16,8,0.5971,0.0746,-1.6407,0.2238
9096,6,1976-06-12,1976-06-18,7,0.1507,0.0215,-1.3935,0.2082
9096,7,1983-05-16,1983-06-01,17,0.3699,0.0218,-1.4023,0.2668
9096,8,1983-07-26,1983-08-13,19,1.9669,0.1035,-2.0859,0.458
9096,9,1983-09-12,1983-09-21,10,0.7437,0.0744,-1.5929,0.2012
9096,10,1986-06-04,1986-07-14,41,5.4375,0.1326,-1.6742,1.4234
9096,11,1986-12-06,1986-12-19,14,1.5454,0.1104,-1.4757,0.5808
9096,12,1987-01-04,1987-03-03,59,6.7075,0.1137,-1.907,2.4945
9096,13,1987-03-16,1987-04-03,19,0.3093,0.0163,-1.3958,0.391
9096,14,1987-05-09,1987-06-09,32,3.8994,0.1219,-2.1937,1.2533
9096,15,1988-03-05,1988-03-11,7,6.5355,0.9336,-2.4153,1.0807
9096,16,1989-05-31,1989-06-17,18,0.4025,0.0224,-1.4536,0.063
9096,17,1989-11-12,1989-12-18,37,12.4511,0.3365,-2.5156,2.4819
9096,18,1990-03-11,1990-03-24,14,0.6732,0.0481,-1.5296,0.3842
9096,19,1990-06-23,1990-07-25,33,2.8538,0.0865,-1.6804,1.3328
9096,20,1991-05-14,1991-05-28,15,0.6276,0.0418,-1.4924,0.3857
9096,21,1991-06-15,1991-07-04,20,2.1501,0.1075,-1.6144,0.8872
9096,22,1991-08-27,1991-09-07,12,3.4528,0.2877,-1.7888,0.8283
9096,23,1991-10-15,1991-11-02,19,0.331,0.0174,-1.528,0.3149
9096,24,1992-04-14,1992-05-23,40,9.1773,0.2294,-1.9139,3.2125
9096,25,1992-07-26,1992-08-08,14,1.1305,0.0808,-1.7999,0.4922
9096,26,1994-09-09,1994-09-15,7,3.9283,0.5612,-2.0429,0.737
9096,27,1995-05-25,1995-06-02,9,0.346,0.0384,-1.3833,0.0431
9096,28,1998-01-11,1998-02-01,22,6.9431,0.3156,-4.5873,0.6592
9096,29,1998-02-23,1998-04-25,62,44.9072,0.7243,-4.5315,6.4997
9096,30,2000-01-28,2000-02-20,24,1.4873,0.062,-1.8238,0.424
9096,31,2000-03-04,2000-03-16,13,1.9353,0.1489,-1.6442,0.8037
9096,32,2000-04-21,2000-05-09,19,0.5688,0.0299,-1.3863,0.6118
9096,33,2000-11-09,2000-11-13,5,0.8314,0.1663,-1.4727,0.3099
9096,34,2000-11-26,2000-12-14,19,2.6715,0.1406,-1.6007,0.7964
9096,35,2001-01-02,2001-01-11,10,1.0569,0.1057,-1.401,0.621
9096,36,2001-09-30,2001-11-17,49,18.0614,0.3686,-2.6028,3.7129
9096,37,2001-11-29,2001-12-03,5,1.1148,0.223,-1.5531,0.2705
9096,38,2002-01-08,2002-02-05,29,18.1613,0.6263,-3.1829,3.0908
9096,39,2002-03-16,2002-03-28,13,2.2502,0.1731,-1.6217,0.8262
9096,40,2002-04-18,2002-07-16,90,6.7636,0.0752,-1.7463,3.04
9096,41,2003-01-26,2003-01-30,5,0.546,0.1092,-1.4946,0.1927
9096,42,2003-07-25,2003-11-05,104,18.5196,0.1781,-2.1475,5.0834
9096,43,2004-09-26,2004-10-16,21,5.1964,0.2474,-1.8187,1.3881
9096,44,2004-11-21,2004-12-07,17,5.1334,0.302,-2.0997,0.9689
9096,45,2004-12-23,2005-04-01,100,22.1092,0.2211,-2.2685,5.5205
9096,46,2005-04-18,2005-06-05,49,11.3692,0.232,-1.8432,4.1636
9096,47,2005-06-22,2005-10-08,109,23.4134,0.2148,-2.2682,6.5108
9096,48,2005-10-27,2005-11-22,27,2.2379,0.0829,-1.6872,1.1619
9096,49,2005-12-04,2006-02-21,80,54.6863,0.6836,-3.1124,8.1228
9096,50,2006-04-19,2006-07-05,78,9.6972,0.1243,-1.7524,4.1351
9096,51,2006-07-22,2006-09-01,42,15.1539,0.3608,-3.1536,3.3139
9096,52,2006-11-26,2007-01-13,49,19.648,0.401,-1.9801,4.2229
9096,53,2007-02-06,2007-05-18,102,50.4471,0.4946,-3.3699,10.2214
9096,54,2007-05-30,2008-04-02,309,308.6753,0.9989,-4.3284,41.5983
9096,55,2011-05-25,2011-05-31,7,0.1715,0.0245,-1.358,0.0353
9096,56,2015-05-14,2015-06-07,25,0.2715,0.0109,-1.3989,0.0343
9096,57,2016-06-06,2016-06-15,10,0.1999,0.02,-1.4157,0.0
9096,58,2017-06-12,2017-06-16,5,0.1523,0.0305,-1.4023,0.0
9096,59,2019-05-13,2019-06-16,35,1.4164,0.0405,-1.5077,0.5156
9097,1,1961-07-05,1961-08-22,49,16.8204,0.3433,-2.3042,4.9485
9097,2,1963-07-08,1963-07-20,13,2.39,0.1838,-1.5693,0.6755
9097,3,1964-04-12,1964-04-19,8,11.4562,1.432,-2.8973,4.6043
9097,4,1972-04-04,1972-04-11,8,10.8519,1.3565,-2.6417,3.9898
9097,5,1976-07-09,1976-07-19,11,2.4145,0.2195,-1.8376,0.6098
9097,6,1976-10-05,1977-02-02,121,83.9714,0.694,-3.2588,23.8707
9097,7,1977-02-15,1977-03-31,45,30.5183,0.6782,-2.7267,8.5634
9097,8,1978-08-22,1978-08-31,10,30.8086,3.0809,-4.7534,9.3984
9097,9,1980-07-03,1980-08-10,39,40.1673,1.0299,-4.3429,5.561
9097,10,1986-02-20,1986-03-17,26,10.5653,0.4064,-2.1509,3.1336
9097,11,1986-04-21,1986-04-26,6,5.7462,0.9577,-2.5115,2.2514
9097,12,1986-08-02,1986-08-07,6,0.784,0.1307,-1.4229,0.2436
9097,13,1986-09-17,1986-10-08,22,6.8514,0.3114,-2.1697,2.7232
9097,14,1986-10-21,1987-01-09,81,80.5456,0.9944,-2.7642,20.5114
9097,15,1987-02-09,1987-02-21,13,6.8903,0.53,-2.1872,1.1883
9097,16,1987-03-07,1987-04-06,31,8.5331,0.2753,-2.515,4.1496
9097,17,1987-05-19,1987-05-31,13,4.4449,0.3419,-1.7699,2.9424
9097,18,1988-02-16,1988-02-25,10,4.4933,0.4493,-1.8195,0.8486
9097,19,1988-12-01,1989-02-27,89,81.4721,0.9154,-3.1455,11.1067
9097,20,1989-07-05,1989-07-09,5,0.4459,0.0892,-1.599,0.2312
9097,21,1989-12-06,1990-03-04,89,83.0233,0.9328,-2.4474,12.407
9097,22,1990-11-21,1991-03-03,103,51.047,0.4956,-2.4622,9.4813
9097,23,1991-09-15,1992-03-16,184,108.1341,0.5877,-4.0659,31.6075
9097,24,1992-05-04,1992-06-28,56,21.9436,0.3919,-2.6435,12.2206
9097,25,1992-09-21,1992-09-30,10,1.408,0.1408,-1.7039,0.6382
9097,26,1993-05-14,1993-05-27,14,2.0603,0.1472,-1.5179,1.8912
9097,27,1995-07-07,1995-07-27,21,2.439,0.1161,-1.5432,0.8993
9097,28,1996-01-16,1996-01-25,10,1.1751,0.1175,-1.4359,0.1123
9097,29,2002-05-09,2002-05-14,6,1.5791,0.2632,-1.6058,0.7842
9097,30,2006-07-11,2006-08-01,22,3.4493,0.1568,-2.1535,0.7845
9097,31,2006-08-19,2006-08-31,13,0.3956,0.0304,-1.3758,1.8609
9097,32,2006-09-12,2006-10-11,30,15.7541,0.5251,-2.4336,6.2928
9097,33,2006-12-02,2006-12-20,19,2.2505,0.1184,-1.5226,0.034
9097,34,2007-02-25,2007-03-01,5,0.3405,0.0681,-1.4013,0.0
9097,35,2007-04-02,2007-05-10,39,38.7926,0.9947,-2.8944,13.8855
9097,36,2008-04-10,2008-04-28,19,6.9977,0.3683,-2.4433,3.1285
9097,37,2008-05-12,2008-06-13,33,61.6076,1.8669,-3.8066,20.1939
9097,38,2008-11-26,2009-03-01,96,43.1757,0.4497,-2.1077,7.0247
9097,39,2009-04-09,2009-05-05,27,9.9323,0.3679,-2.9129,4.3534
9097,40,2012-04-10,2012-05-06,27,4.5529,0.1686,-1.9633,2.2732
9097,41,2013-04-30,2013-05-22,23,3.2355,0.1407,-1.839,1.7515
9097,42,2013-11-05,2013-11-24,20,7.356,0.3678,-1.7319,4.6919
9097,43,2014-08-26,2014-09-19,25,1.8847,0.0754,-1.6061,2.2345
9097,44,2016-05-11,2016-05-15,5,0.6527,0.1305,-1.5446,0.4463
9097,45,2018-04-07,2018-04-19,13,1.4523,0.1117,-1.5288,1.1446
9097,46,2020-04-02,2020-04-09,8,0.855,0.1069,-1.427,0.6841
9097,47,2020-05-15,2020-05-21,7,0.8821,0.126,-1.4693,0.7134
9097,48,2020-06-19,2020-06-23,5,0.1565,0.0313,-1.382,0.4914
9097,49,2020-11-13,2020-11-21,9,0.7837,0.0871,-1.43,1.4287
9101,1,1985-09-23,1985-11-13,52,44.0046,0.8462,-2.7406,5.1475
9101,2,1985-12-27,1986-01-07,12,0.7898,0.0658,-1.4021,0.1944
9101,3,1986-08-14,1986-08-18,5,1.2682,0.2536,-1.5347,0.0972
9101,4,1987-07-11,1987-07-27,17,0.8032,0.0472,-1.5595,0.1142
9101,5,1995-11-08,1995-11-12,5,1.9075,0.3815,-1.9002,0.3456
9101,6,2005-05-13,2005-05-17,5,0.1551,0.031,-1.3152,0.021
9101,7,2006-02-24,2006-03-25,30,1.1614,0.0387,-1.3484,0.816
9101,8,2007-06-28,2007-07-08,11,1.4485,0.1317,-1.5287,0.2354
9101,9,2008-02-08,2008-05-22,105,71.721,0.6831,-2.7965,13.2998
9101,10,2008-06-17,2008-10-28,134,24.7827,0.1849,-1.9034,3.0513
9101,11,2008-12-01,2009-01-23,54,7.5853,0.1405,-1.591,1.7073
9101,12,2009-03-25,2009-09-30,190,18.4448,0.0971,-1.7505,3.1065
9101,13,2009-12-02,2009-12-09,8,0.1204,0.0151,-1.3053,0.0125
9101,14,2010-04-05,2010-04-09,5,0.0749,0.015,-1.3077,0.1728
9101,15,2010-06-04,2010-06-09,6,1.0182,0.1697,-1.467,0.2316
9101,16,2010-06-23,2010-07-24,32,1.7981,0.0562,-1.4061,0.2589
9101,17,2010-11-25,2010-12-10,16,2.923,0.1827,-1.5685,0.4644
9101,18,2011-01-20,2011-02-20,32,4.439,0.1387,-1.4677,1.7824
9101,19,2011-03-05,2011-03-10,6,1.7775,0.2962,-1.5859,0.6363
9101,20,2011-04-11,2012-12-13,613,508.8362,0.8301,-3.3441,68.8732
9101,21,2012-12-28,2013-01-13,17,26.866,1.5804,-2.8894,2.5523
9101,22,2014-05-31,2014-07-04,35,2.4856,0.071,-1.6002,0.3879
9101,23,2014-07-18,2014-11-20,126,26.9634,0.214,-2.1266,3.5385
9101,24,2014-12-19,2015-02-26,70,35.2899,0.5041,-3.6143,6.1707
9101,25,2015-03-18,2015-03-22,5,1.2765,0.2553,-1.7509,0.4406
9101,26,2015-04-07,2016-03-20,349,198.8905,0.5699,-2.3905,30.83
9101,27,2016-04-26,2016-05-09,14,3.1393,0.2242,-2.0327,0.8467
9101,28,2017-03-18,2017-03-24,7,0.3705,0.0529,-1.3414,0.2419
9101,29,2017-05-12,2017-07-25,75,8.0844,0.1078,-1.584,1.5485
9101,30,2017-11-25,2017-12-10,16,0.8263,0.0516,-1.3574,0.1508
9101,31,2017-12-29,2018-03-01,63,8.8243,0.1401,-1.6054,3.2486
9101,32,2018-03-23,2018-04-03,12,0.6895,0.0575,-1.5032,0.3283
9101,33,2019-01-24,2019-01-30,7,0.0943,0.0135,-1.2967,0.0518
9101,34,2019-03-01,2019-03-28,28,1.6277,0.0581,-1.3746,0.9629
9101,35,2019-05-09,2019-05-29,21,0.4559,0.0217,-1.3545,0.1341
9118,1,1964-04-23,1964-04-27,5,0.4989,0.0998,-1.458,0.0
9118,2,1965-07-01,1965-07-08,8,4.8605,0.6076,-1.9719,0.0638
9118,3,1965-08-22,1965-08-27,6,2.4771,0.4128,-1.8732,0.0375
9118,4,1965-09-12,1965-10-02,21,5.765,0.2745,-1.7821,0.0491
9118,5,1966-06-06,1966-06-13,8,3.6658,0.4582,-2.6655,0.0308
9118,6,1966-09-01,1966-09-06,6,4.6115,0.7686,-3.4613,0.0359
9118,7,1966-09-21,1966-09-30,10,2.4177,0.2418,-1.9258,0.0162
9118,8,1968-04-21,1968-04-29,9,1.1238,0.1249,-1.4998,0.0
9118,9,1968-06-19,1968-06-29,11,1.4915,0.1356,-1.4891,0.0
9118,10,1968-07-20,1968-08-11,23,1.4704,0.0639,-1.433,0.0
9118,11,1969-01-20,1969-04-29,100,55.6478,0.5565,-2.3288,0.218
9118,12,1970-03-08,1970-03-12,5,2.8116,0.5623,-1.8578,0.0026
9118,13,1970-10-07,1971-05-08,214,117.9698,0.5513,-3.8108,0.3899
9118,14,1971-09-26,1971-12-05,71,26.9627,0.3798,-1.9913,0.0715
9118,15,1972-12-23,1972-12-29,7,4.61,0.6586,-1.9421,0.0047
9118,16,1973-01-21,1973-01-28,8,4.1827,0.5228,-1.8367,0.0041
9118,17,1973-02-16,1973-04-13,57,27.0397,0.4744,-1.9461,0.0662
9118,18,1973-10-06,1974-03-19,165,87.5251,0.5305,-3.5168,0.1
9118,19,1975-04-16,1975-04-25,10,0.308,0.0308,-1.5777,0.0025
9118,20,1975-05-15,1975-05-19,5,0.6476,0.1295,-1.4883,0.0
9118,21,1981-04-25,1981-05-09,15,2.5133,0.1676,-1.545,0.0003
9118,22,1981-06-28,1981-07-07,10,0.8659,0.0866,-1.4595,0.0073
9118,23,1981-09-26,1982-02-05,133,60.7493,0.4568,-2.4194,0.1092
9118,24,1982-02-20,1982-04-23,63,24.2645,0.3852,-2.1485,0.1073
9118,25,1982-06-01,1982-06-14,14,6.4473,0.4605,-2.1302,0.0444
9118,26,1982-07-20,1982-08-16,28,6.7181,0.2399,-3.4268,0.0268
9118,27,1982-10-23,1982-11-03,12,7.0969,0.5914,-3.354,0.0175
9118,28,1983-06-25,1983-07-07,13,7.8659,0.6051,-3.4613,0.0928
9118,29,1983-07-26,1983-08-12,18,2.1961,0.122,-1.4518,0.0
9118,30,1983-11-04,1984-04-11,160,49.9173,0.312,-1.7474,0.0232
9118,31,1984-05-15,1984-06-10,27,7.4213,0.2749,-1.7328,0.0277
9118,32,1984-07-27,1984-08-24,29,1.1499,0.0397,-1.7952,0.0118
9118,33,1984-10-12,1984-11-25,45,6.6946,0.1488,-1.6944,0.0
9118,34,1985-05-17,1985-06-10,25,5.0495,0.202,-1.7078,0.0139
9118,35,1985-07-27,1985-08-08,13,0.4405,0.0339,-1.3617,0.0
9118,36,1985-10-27,1985-12-05,40,7.0188,0.1755,-1.7474,0.0
9118,37,1986-03-15,1986-03-27,13,4.5197,0.3477,-1.6875,0.0
9118,38,1986-04-10,1986-04-24,15,6.12,0.408,-2.1485,0.0619
9118,39,1986-06-30,1986-08-08,40,2.5817,0.0645,-1.4883,0.0053
9118,40,1986-08-25,1986-09-08,15,3.05,0.2033,-3.2692,0.0258
9118,41,1986-09-23,1986-10-27,35,12.2534,0.3501,-4.7534,0.0535
9118,42,1987-01-17,1987-03-08,51,14.167,0.2778,-1.6406,0.0
9118,43,1987-05-24,1987-05-30,7,1.6865,0.2409,-1.5741,0.0
9118,44,1987-07-16,1987-07-28,13,0.9113,0.0701,-1.7209,0.0073
9118,45,1988-04-15,1988-04-26,12,1.0486,0.0874,-1.5808,0.0073
9118,46,1990-11-14,1990-11-21,8,0.3727,0.0466,-1.4965,0.0
9118,47,1993-05-02,1993-05-16,15,0.6696,0.0446,-1.4635,0.0
9118,48,1993-09-23,1993-09-30,8,3.7714,0.4714,-1.8318,0.0259
9118,49,1994-05-09,1994-05-20,12,5.8483,0.4874,-1.8891,0.0626
9118,50,1994-07-12,1994-08-16,36,8.0439,0.2234,-1.711,0.0763
9118,51,1994-10-11,1994-11-09,30,14.2688,0.4756,-2.3304,0.0351
9118,52,1995-05-10,1995-09-27,141,75.5615,0.5359,-4.7534,0.7323
9118,53,1995-10-20,1995-11-08,20,12.9489,0.6474,-3.4785,0.0301
9118,54,1995-11-22,1996-04-14,145,72.5104,0.5001,-4.7534,0.0657
9118,55,1996-05-10,1997-01-10,246,102.4394,0.4164,-4.7534,0.733
9118,56,1997-05-19,1997-06-11,24,1.0638,0.0443,-1.4639,0.0
9118,57,1998-04-28,1998-05-07,10,1.4387,0.1439,-1.4635,0.0
9118,58,1999-03-22,1999-04-07,17,0.8431,0.0496,-1.5361,0.0036
9118,59,1999-04-29,1999-05-13,15,7.243,0.4829,-2.1029,0.1013
9118,60,1999-06-02,1999-06-24,23,4.2862,0.1864,-1.8874,0.0317
9118,61,1999-07-19,1999-08-09,22,5.3315,0.2423,-1.9031,0.0642
9118,62,2000-04-13,2000-04-21,9,0.166,0.0184,-1.3686,0.0
9118,63,2000-05-11,2000-06-14,35,3.3183,0.0948,-1.559,0.0075
9118,64,2001-05-03,2001-05-16,14,4.7441,0.3389,-1.7187,0.0416
9118,65,2001-06-27,2001-08-29,64,10.4311,0.163,-1.6644,0.0671
9118,66,2002-04-17,2002-06-20,65,16.1391,0.2483,-1.9496,0.1558
9118,67,2002-07-04,2002-07-31,28,7.5251,0.2688,-1.8984,0.0536
9118,68,2002-08-25,2002-09-18,25,15.9719,0.6389,-3.2701,0.1163
9118,69,2003-04-16,2003-05-31,46,11.3541,0.2468,-1.7581,0.0885
9118,70,2008-05-12,2008-05-17,6,0.3402,0.0567,-1.4131,0.0
9118,71,2013-04-29,2013-05-06,8,0.7589,0.0949,-1.431,0.0
9118,72,2015-08-09,2015-08-15,7,0.3441,0.0492,-1.3907,0.0
9118,73,2016-09-14,2016-09-23,10,1.136,0.1136,-1.4843,0.0135
9118,74,2017-05-31,2017-09-19,112,45.2069,0.4036,-2.0714,0.5349
9118,75,2018-04-13,2018-04-22,10,1.6119,0.1612,-1.5939,0.0071
9118,76,2018-05-29,2018-09-11,106,43.8293,0.4135,-2.0714,0.508
9120,1,1961-04-02,1961-04-23,22,4.023,0.1829,-2.1054,11.8665
9120,2,1961-05-13,1961-05-18,6,2.1009,0.3501,-1.9096,4.5999
9120,3,1964-01-15,1964-02-09,26,4.0888,0.1573,-3.7632,5.3514
9120,4,1964-06-07,1964-07-09,33,7.6359,0.2314,-1.8422,12.2043
9120,5,1964-08-23,1964-08-28,6,0.5941,0.099,-1.6112,0.6083
9120,6,1964-11-09,1964-11-30,22,16.7949,0.7634,-2.2563,15.4634
9120,7,1965-05-08,1965-07-07,61,59.4449,0.9745,-2.7663,82.7381
9120,8,1969-06-28,1969-07-02,5,0.2888,0.0578,-1.3869,0.1097
9120,9,1969-10-28,1969-11-11,15,0.6224,0.0415,-1.4882,0.9066
9120,10,1970-06-28,1970-08-31,65,38.3009,0.5892,-2.3684,51.5017
9120,11,1970-09-13,1970-09-18,6,2.3384,0.3897,-1.8547,1.5227
9120,12,1970-12-22,1971-01-20,30,15.6901,0.523,-2.4172,23.2203
9120,13,1971-02-03,1971-03-22,48,9.8341,0.2049,-1.9703,18.8539
9120,14,1982-04-18,1982-05-14,27,3.1371,0.1162,-1.5876,9.7416
9120,15,1985-12-10,1985-12-25,16,1.1632,0.0727,-1.5253,1.4474
9120,16,1988-11-13,1988-11-27,15,1.482,0.0988,-1.863,2.1194
9120,17,1988-12-13,1989-04-04,113,57.953,0.5129,-2.6949,100.6203
9120,18,1989-05-16,1989-05-21,6,2.2037,0.3673,-1.9888,4.6819
9120,19,1989-10-21,1989-10-31,11,0.6211,0.0565,-1.493,0.5288
9120,20,1989-11-16,1989-12-18,33,6.0075,0.182,-1.8526,9.8403
9120,21,1990-01-04,1990-04-08,95,38.4425,0.4047,-2.5853,74.5681
9120,22,1990-05-08,1990-05-19,12,7.8113,0.6509,-2.8026,14.58
9120,23,1990-06-01,1990-06-10,10,1.0246,0.1025,-1.4774,3.834
9120,24,1990-06-25,1990-07-05,11,4.2372,0.3852,-1.957,5.5063
9120,25,1990-08-28,1990-10-31,65,17.9885,0.2767,-1.936,13.4749
9120,26,1990-11-17,1990-11-22,6,1.0175,0.1696,-1.553,1.6647
9120,27,1991-12-29,1992-03-25,88,47.4498,0.5392,-2.3963,90.5973
9120,28,1993-01-27,1993-02-27,32,12.0444,0.3764,-2.1706,23.3729
9120,29,1993-09-03,1993-09-18,16,3.0867,0.1929,-1.6389,1.4856
9120,30,1994-05-02,1994-05-08,7,0.792,0.1131,-1.5633,1.7577
9120,31,1994-09-15,1994-10-16,32,8.9306,0.2791,-1.9331,5.9412
9120,32,1994-11-30,1994-12-30,31,15.7898,0.5093,-2.6172,18.1469
9120,33,1995-04-16,1995-05-07,22,1.675,0.0761,-1.7015,5.7779
9120,34,1995-05-29,1995-06-02,5,0.3236,0.0647,-1.517,1.5566
9120,35,1995-09-20,1995-11-18,60,17.7089,0.2951,-2.4852,13.624
9120,36,1996-05-29,1996-06-09,12,2.7626,0.2302,-1.9694,5.8307
9120,37,1996-08-12,1996-09-19,39,11.9018,0.3052,-2.1126,9.9442
9120,38,1996-10-18,1996-11-16,30,9.299,0.31,-2.1832,7.6027
9120,39,1997-03-12,1997-05-07,57,18.562,0.3256,-2.1846,47.6387
9120,40,1997-10-03,1997-10-12,10,1.3831,0.1383,-1.8418,0.985
9120,41,2000-03-08,2000-03-28,21,5.0119,0.2387,-1.6968,11.1247
9120,42,2000-09-02,2000-09-06,5,0.7988,0.1598,-1.7293,0.6026
9120,43,2001-12-11,2002-02-14,66,9.2231,0.1397,-1.8751,14.3676
9120,44,2002-02-28,2002-05-03,65,18.3237,0.2819,-2.0724,43.9163
9120,45,2002-08-18,2002-08-22,5,0.1713,0.0343,-1.3965,0.1642
9120,46,2007-01-09,2007-01-29,21,3.9199,0.1867,-1.6606,7.986
9120,47,2007-12-20,2008-03-05,77,26.1367,0.3394,-2.2471,48.1955
9120,48,2009-08-20,2009-09-16,28,6.4331,0.2298,-1.7976,5.132
9120,49,2011-01-30,2011-02-18,20,4.3442,0.2172,-1.9904,7.5342
9120,50,2011-04-15,2011-04-22,8,1.5035,0.1879,-1.5735,5.8037
9120,51,2011-08-01,2011-08-20,20,2.161,0.1081,-1.7046,2.904
9120,52,2012-01-28,2012-02-05,9,0.0238,0.0026,-1.3002,0.0
9120,53,2012-03-13,2012-04-08,27,2.8249,0.1046,-1.5053,6.6925
9120,54,2013-04-24,2013-04-29,6,1.8709,0.3118,-1.7263,4.9116
9120,55,2013-06-17,2013-10-24,130,97.9934,0.7538,-2.5048,114.4267
9120,56,2014-05-09,2014-05-23,15,2.0169,0.1345,-1.5441,5.8967
9120,57,2014-06-06,2014-06-13,8,0.5134,0.0642,-1.4137,2.5561
9120,58,2014-06-30,2014-08-13,45,4.8195,0.1071,-1.7974,7.271
9120,59,2015-09-22,2016-01-04,105,51.5776,0.4912,-2.8276,45.8187
9120,60,2016-10-27,2016-11-04,9,1.3344,0.1483,-1.5978,1.1872
9120,61,2016-11-17,2016-11-22,6,2.5164,0.4194,-1.9603,2.8247
9120,62,2016-12-04,2017-01-10,38,24.0424,0.6327,-2.322,29.8315
9120,63,2017-02-26,2017-11-06,254,168.5808,0.6637,-2.8131,219.4831
9120,64,2017-11-18,2017-12-01,14,15.9691,1.1407,-4.0869,11.5258
9120,65,2018-10-23,2018-10-29,7,0.5436,0.0777,-1.6069,0.4199
9120,66,2018-12-07,2019-01-20,45,25.7452,0.5721,-2.4893,36.1373
9120,67,2019-03-05,2019-04-18,45,20.8125,0.4625,-2.5313,47.6464
9120,68,2019-05-06,2019-11-05,184,117.3393,0.6377,-3.4719,126.6758
9120,69,2020-02-17,2020-03-02,15,2.1974,0.1465,-1.5679,4.0046
9120,70,2020-06-21,2020-07-23,33,3.5196,0.1067,-1.6799,4.4222
9120,71,2020-11-19,2020-12-06,18,3.3301,0.185,-1.7861,5.8899
9124,1,1961-03-05,1961-03-19,15,0.5785,0.0386,-1.613,0.0
9124,2,1962-06-23,1962-07-03,11,1.7502,0.1591,-2.04,0.0148
9124,3,1962-08-29,1962-10-13,46,11.367,0.2471,-3.1536,0.0043
9124,4,1963-06-30,1963-07-14,15,0.6353,0.0424,-1.3503,0.013
9124,5,1964-06-22,1964-06-26,5,0.071,0.0142,-1.3066,0.0027
9124,6,1964-11-29,1965-01-13,46,22.818,0.496,-2.5899,0.0
9124,7,1965-02-14,1965-04-12,58,106.547,1.837,-4.7534,0.0
9124,8,1965-06-19,1965-07-29,41,9.112,0.2222,-2.2952,0.0684
9124,9,1965-08-28,1965-09-17,21,4.5596,0.2171,-1.8613,0.0
9124,10,1965-10-22,1965-10-28,7,1.8631,0.2662,-1.5476,0.0
9124,11,1965-11-21,1965-11-25,5,7.2627,1.4525,-2.8552,0.0
9124,12,1966-12-31,1967-03-07,67,137.2186,2.048,-4.7534,0.0
9124,13,1971-02-16,1971-03-05,18,1.7123,0.0951,-1.6168,0.0
9124,14,1974-05-12,1974-05-25,14,15.0357,1.074,-2.7836,0.08
9124,15,1976-11-19,1976-11-30,12,0.117,0.0098,-1.3619,0.0
9124,16,1979-01-20,1979-03-13,53,125.431,2.3666,-4.7534,0.0
9124,17,1979-09-20,1979-09-28,9,1.7189,0.191,-1.5058,0.0
9124,18,1981-10-17,1981-12-04,49,28.1315,0.5741,-3.0686,0.0
9124,19,1982-03-19,1982-04-13,26,0.8211,0.0316,-1.5248,0.0
9124,20,1982-09-27,1982-10-21,25,3.1627,0.1265,-1.5472,0.0
9124,21,1983-03-19,1983-04-23,36,1.7652,0.049,-1.5248,0.0
9124,22,1983-06-23,1983-07-01,9,6.7585,0.7509,-2.0393,0.0373
9124,23,1983-08-24,1984-05-03,254,253.3358,0.9974,-4.7534,0.164
9124,24,1984-05-16,1984-05-28,13,8.7951,0.6765,-2.0005,0.0544
9124,25,1984-08-29,1984-11-15,79,19.3189,0.2445,-3.1536,0.0086
9124,26,1985-01-11,1985-04-15,95,158.2872,1.6662,-4.7534,0.0
9124,27,1985-08-30,1986-04-15,229,214.4447,0.9364,-4.7534,0.0
9124,28,1986-04-30,1986-11-25,210,86.0446,0.4097,-3.0686,0.2327
9124,29,1987-09-26,1987-11-22,58,18.547,0.3198,-3.0686,0.0
9124,30,1990-03-19,1990-04-25,38,1.8377,0.0484,-1.5248,0.0
9124,31,1990-11-23,1991-02-04,74,53.7632,0.7265,-4.7534,0.0
9124,32,1992-10-05,1992-12-21,78,26.5587,0.3405,-3.0686,0.0
9124,33,1993-01-06,1993-05-27,142,172.9509,1.218,-4.7534,0.0655
9124,34,1993-06-15,1993-06-25,11,8.0875,0.7352,-2.0308,0.0394
9124,35,1993-07-13,1993-10-23,103,49.125,0.4769,-2.343,0.1507
9124,36,1993-11-30,1993-12-20,21,10.5727,0.5035,-2.4578,0.0
9124,37,1994-01-20,1994-02-20,32,66.3828,2.0745,-4.7534,0.0
9124,38,1994-03-25,1994-04-29,36,5.3075,0.1474,-1.7389,0.0128
9124,39,1994-06-13,1994-08-14,63,33.7754,0.5361,-2.343,0.1638
9124,40,1994-08-29,1995-01-21,146,57.3827,0.393,-3.0686,0.0216
9124,41,1995-02-14,1995-03-13,28,65.9951,2.357,-4.7534,0.0
9124,42,1995-04-04,1995-05-08,35,10.6136,0.3032,-1.8258,0.0128
9124,43,1995-09-25,1996-03-21,179,182.6979,1.0207,-4.7534,0.0
9124,44,1996-04-25,1996-05-07,13,2.4135,0.1857,-1.8258,0.0
9124,45,1996-08-19,1996-08-29,11,5.4179,0.4925,-1.9196,0.0026
9124,46,1996-10-15,1996-12-07,54,29.4362,0.5451,-3.0686,0.0
9124,47,1998-03-25,1998-03-29,5,0.2203,0.0441,-1.4134,0.0
9124,48,1998-09-14,1999-05-20,249,223.5416,0.8978,-4.7534,0.0418
9124,49,1999-06-04,1999-06-30,27,19.6161,0.7265,-2.0742,0.1042
9124,50,1999-07-14,1999-08-16,34,28.9214,0.8506,-2.343,0.1388
9124,51,1999-08-30,1999-10-21,53,11.3505,0.2142,-1.8381,0.0
9124,52,1999-11-03,2000-02-27,117,140.1084,1.1975,-4.7534,0.0
9124,53,2000-03-18,2000-05-21,65,40.9146,0.6295,-4.7534,0.0442
9124,54,2000-06-04,2000-06-21,18,9.9693,0.5538,-2.0742,0.0537
9124,55,2000-08-07,2000-09-14,39,14.9343,0.3829,-2.0549,0.0431
9124,56,2000-09-27,2000-10-04,8,1.3474,0.1684,-1.4548,0.0
9124,57,2001-02-23,2001-03-07,13,45.1545,3.4734,-4.7534,0.0
9124,58,2001-03-19,2001-03-25,7,0.3111,0.0444,-1.5248,0.0
9124,59,2001-04-09,2001-05-24,46,16.2064,0.3523,-1.9738,0.0591
9124,60,2001-08-07,2001-09-30,55,22.4862,0.4088,-2.0557,0.047
9124,61,2002-02-16,2002-06-21,126,107.5133,0.8533,-4.7534,0.1441
9124,62,2002-10-01,2003-02-23,146,134.3001,0.9199,-4.7534,0.0
9124,63,2005-03-02,2005-03-29,28,0.958,0.0342,-1.6329,0.0
9124,64,2007-02-05,2007-02-15,11,0.1741,0.0158,-1.3807,0.0
9124,65,2008-04-15,2008-05-02,18,2.3245,0.1291,-1.4325,0.0
9124,66,2011-03-19,2011-04-13,26,1.8494,0.0711,-1.6329,0.0
9124,67,2011-09-22,2011-09-28,7,9.8763,1.4109,-2.9269,0.0114
9124,68,2012-02-05,2012-02-15,11,0.0905,0.0082,-1.337,0.0
9124,69,2012-02-28,2012-03-25,27,0.7243,0.0268,-1.594,0.0
9124,70,2017-06-27,2017-07-26,30,0.3138,0.0105,-1.3459,0.0118
9124,71,2017-12-19,2018-04-11,114,14.171,0.1243,-2.326,0.0
9126,1,1961-06-20,1961-08-25,67,12.0405,0.1797,-1.7907,1.7667
9126,2,1962-07-03,1962-08-25,54,17.095,0.3166,-1.8272,3.0492
9126,3,1963-07-08,1963-07-22,15,1.651,0.1101,-1.6099,0.1244
9126,4,1965-07-19,1965-07-23,5,3.0131,0.6026,-1.9573,0.809
9126,5,1969-07-19,1969-07-23,5,2.7145,0.5429,-1.9161,0.6863
9126,6,1971-06-25,1971-07-15,21,2.4645,0.1174,-1.5815,0.1478
9126,7,1980-10-01,1980-10-05,5,5.5378,1.1076,-2.9575,0.0959
9126,8,1981-05-31,1981-06-12,13,9.9919,0.7686,-3.1282,0.7421
9126,9,1981-06-28,1981-07-05,8,2.9108,0.3638,-1.9947,0.6338
9126,10,1981-09-28,1981-12-16,80,22.2659,0.2783,-2.364,0.8472
9126,11,1982-04-09,1982-05-25,47,17.9242,0.3814,-2.4343,1.2238
9126,12,1982-06-06,1982-06-17,12,5.1489,0.4291,-2.2411,0.4683
9126,13,1982-07-02,1982-10-12,103,14.2716,0.1386,-2.1557,1.7098
9126,14,1982-12-23,1983-02-05,45,12.1707,0.2705,-2.5029,0.3748
9126,15,1983-03-03,1983-05-28,87,82.9567,0.9535,-3.2967,4.0104
9126,16,1983-06-25,1983-07-13,19,13.9882,0.7362,-2.213,3.4968
9126,17,1983-07-27,1983-12-09,136,75.5326,0.5554,-2.6808,7.0391
9126,18,1984-04-23,1984-05-13,21,3.5866,0.1708,-1.6007,0.2996
9126,19,1984-06-08,1984-06-17,10,3.877,0.3877,-1.9158,0.3713
9126,20,1985-07-04,1985-07-13,10,3.1895,0.319,-2.0497,0.7424
9126,21,1985-07-26,1985-08-13,19,4.2197,0.2221,-1.9712,1.0026
9126,22,1985-09-24,1985-10-09,16,2.787,0.1742,-1.6553,0.0712
9126,23,1986-05-16,1986-07-01,47,9.561,0.2034,-2.0668,1.2901
9126,24,1986-07-15,1986-07-19,5,2.2986,0.4597,-1.9234,0.5346
9126,25,1986-08-01,1986-09-06,37,5.2138,0.1409,-1.9857,1.2512
9126,26,1987-06-20,1987-06-25,6,3.2671,0.5445,-1.9369,0.544
9126,27,1987-07-10,1987-07-17,8,3.4874,0.4359,-1.984,0.7754
9126,28,1987-07-31,1987-08-04,5,3.5144,0.7029,-2.0721,1.0961
9126,29,1990-06-13,1990-06-19,7,0.4708,0.0673,-1.4622,0.0
9126,30,1992-06-01,1992-06-22,22,3.4765,0.158,-1.7102,0.1375
9126,31,1992-09-13,1992-10-15,33,5.5263,0.1675,-1.8134,0.1502
9126,32,1992-12-28,1993-02-01,36,2.733,0.0759,-1.5006,0.0946
9126,33,1993-04-20,1993-05-04,15,1.0003,0.0667,-1.5264,0.06
9126,34,1993-05-22,1993-06-06,16,3.3774,0.2111,-1.8276,0.295
9126,35,1993-06-22,1993-06-27,6,3.0188,0.5031,-1.9738,0.5551
9126,36,1993-07-12,1993-08-04,24,7.3722,0.3072,-2.1081,1.8738
9126,37,1993-08-18,1993-08-22,5,1.8398,0.368,-1.7987,0.3147
9126,38,1993-09-07,1993-10-04,28,9.4571,0.3378,-2.2401,0.2274
9126,39,1993-12-14,1993-12-27,14,0.9683,0.0692,-1.402,0.0423
9126,40,1994-03-20,1994-04-20,32,3.3029,0.1032,-1.6148,0.2318
9126,41,1994-05-27,1994-06-04,9,3.6332,0.4037,-2.1506,0.3087
9126,42,1994-06-22,1994-06-30,9,5.2627,0.5847,-2.082,1.1135
9126,43,1994-07-20,1994-09-22,65,27.9222,0.4296,-2.1202,5.955
9126,44,1994-12-14,1995-03-04,81,17.4144,0.215,-2.0018,0.7039
9126,45,1995-03-19,1995-07-07,111,40.4033,0.364,-2.2264,4.2632
9126,46,1995-07-20,1995-07-31,12,3.5375,0.2948,-2.0349,0.9729
9126,47,1995-08-12,1995-08-22,11,4.6602,0.4237,-1.8118,0.9375
9126,48,1996-04-17,1996-05-01,15,8.8433,0.5896,-2.2094,0.5467
9126,49,1996-05-29,1996-06-09,12,1.5179,0.1265,-1.7095,0.1048
9126,50,1996-09-09,1996-09-17,9,2.7708,0.3079,-2.1151,0.0678
9126,51,1999-04-11,1999-04-18,8,2.7962,0.3495,-2.1153,0.1853
9126,52,1999-07-20,1999-08-05,17,6.1447,0.3615,-2.0243,1.6152
9126,53,2000-02-25,2000-04-08,44,16.7749,0.3812,-2.7409,0.9253
9126,54,2000-05-19,2000-06-12,25,1.7756,0.071,-1.5815,0.1104
9126,55,2000-10-01,2000-10-14,14,16.9355,1.2097,-3.4515,0.3381
9126,56,2001-09-01,2001-09-14,14,1.5888,0.1135,-1.7347,0.0251
9126,57,2002-02-13,2002-03-27,43,12.5835,0.2926,-3.1096,0.6796
9126,58,2002-04-08,2002-04-25,18,3.8084,0.2116,-2.1925,0.2424
9126,59,2002-05-08,2002-06-12,36,25.2261,0.7007,-2.7508,1.7909
9126,60,2002-08-30,2002-09-15,17,2.0553,0.1209,-1.5546,0.0376
9126,61,2002-10-30,2002-11-22,24,2.6394,0.11,-1.715,0.1445
9126,62,2003-06-11,2003-06-15,5,2.3092,0.4618,-1.8925,0.1658
9126,63,2006-04-08,2006-05-15,38,9.8169,0.2583,-1.8737,0.7128
9126,64,2006-05-30,2006-06-04,6,6.6752,1.1125,-2.5016,0.4422
9126,65,2006-06-25,2006-07-03,9,4.9047,0.545,-2.0462,1.0011
9126,66,2006-07-15,2006-07-22,8,1.5062,0.1883,-1.8507,0.3283
9126,67,2006-08-24,2006-09-10,18,11.8056,0.6559,-2.8623,0.2932
9126,68,2006-12-07,2007-02-17,73,16.206,0.222,-2.3926,0.5759
9126,69,2007-03-11,2007-03-26,16,2.2242,0.139,-1.7352,0.227
9126,70,2007-05-15,2007-05-19,5,0.6512,0.1302,-1.4654,0.0664
9126,71,2007-06-03,2007-06-13,11,3.8337,0.3485,-1.8051,0.2913
9126,72,2007-09-12,2007-10-02,21,5.029,0.2395,-2.17,0.1115
9126,73,2007-10-22,2008-04-10,172,97.8181,0.5687,-3.154,3.938
9126,74,2008-04-29,2008-05-09,11,5.0894,0.4627,-2.1056,0.3776
9126,75,2008-06-14,2008-06-23,10,1.5208,0.1521,-1.6689,0.0591
9126,76,2009-09-01,2009-09-12,12,1.0781,0.0898,-1.479,0.0
9126,77,2012-02-29,2012-03-29,30,6.8343,0.2278,-1.9204,0.5367
9126,78,2012-08-28,2012-11-30,95,33.3107,0.3506,-4.7534,1.0026
9126,79,2012-12-27,2013-02-27,63,11.4818,0.1823,-1.9998,0.4889
9126,80,2013-06-13,2013-06-28,16,4.7071,0.2942,-1.7464,0.31
9126,81,2014-06-04,2014-06-08,5,0.5188,0.1038,-1.4041,0.0051
9126,82,2014-07-07,2014-07-13,7,1.877,0.2681,-1.8128,0.2922
9126,83,2015-05-06,2015-05-12,7,1.2428,0.1775,-1.5601,0.129
9126,84,2015-06-15,2015-06-22,8,1.648,0.206,-1.7596,0.1347
9126,85,2015-08-06,2015-08-11,6,1.3194,0.2199,-1.6971,0.1771
9126,86,2016-07-05,2016-07-10,6,0.135,0.0225,-1.4044,0.0
9126,87,2017-04-01,2017-04-07,7,2.2396,0.3199,-1.7911,0.1279
9126,88,2017-06-07,2017-06-13,7,3.3084,0.4726,-2.0184,0.2646
9126,89,2017-08-25,2018-03-01,189,126.705,0.6704,-2.9591,4.0598
9126,90,2019-03-29,2019-04-06,9,1.3667,0.1519,-1.5682,0.0708
9142,1,1964-10-04,1964-12-16,74,22.0933,0.2986,-2.0521,0.1682
9142,2,1965-01-06,1965-01-28,23,22.3541,0.9719,-3.3938,0.29
9142,3,1965-06-04,1965-07-22,49,14.024,0.2862,-2.2755,0.2434
9142,4,1965-08-06,1965-08-30,25,1.287,0.0515,-1.4357,0.0035
9142,5,1967-10-05,1967-11-07,34,4.2957,0.1263,-1.5901,0.0
9142,6,1968-07-12,1968-07-21,10,1.6577,0.1658,-1.6057,0.0181
9142,7,1968-10-04,1968-11-07,35,17.83,0.5094,-2.0704,0.0536
9142,8,1968-11-19,1968-11-27,9,9.0106,1.0012,-2.4572,0.0954
9142,9,1969-07-27,1969-08-01,6,0.6233,0.1039,-1.4768,0.0043
9142,10,1969-08-15,1969-08-31,17,0.2963,0.0174,-1.3361,0.0
9142,11,1970-08-09,1970-09-10,33,1.7941,0.0544,-1.7132,0.0035
9142,12,1970-10-01,1971-01-19,111,44.6298,0.4021,-2.7743,0.4994
9142,13,1971-02-12,1971-02-16,5,0.5165,0.1033,-1.3848,0.0121
9142,14,1971-03-07,1971-03-17,11,3.7303,0.3391,-2.0696,0.0591
9142,15,1971-09-04,1971-09-08,5,1.0407,0.2081,-1.7537,0.0035
9142,16,1971-09-29,1971-11-06,39,12.5014,0.3205,-2.111,0.0363
9142,17,1973-09-03,1973-09-07,5,1.8958,0.3792,-1.7549,0.0069
9142,18,1973-12-04,1973-12-18,15,8.5291,0.5686,-2.1177,0.126
9142,19,1974-08-07,1974-08-17,11,6.4853,0.5896,-2.3491,0.0225
9142,20,1975-11-02,1975-11-06,5,0.2192,0.0438,-1.401,0.0
9142,21,1978-11-02,1978-12-07,36,8.1884,0.2275,-1.8049,0.0704
9142,22,1980-10-01,1980-11-06,37,12.0776,0.3264,-2.0838,0.0294
9142,23,1981-06-11,1981-07-07,27,9.0098,0.3337,-2.2755,0.1773
9142,24,1981-07-27,1981-09-25,61,14.7758,0.2422,-2.1403,0.0579
9142,25,1981-10-07,1981-12-11,66,28.6313,0.4338,-2.3381,0.2411
9142,26,1982-07-19,1982-07-28,10,3.1862,0.3186,-1.9196,0.0285
9142,27,1982-08-10,1982-10-11,63,10.1046,0.1604,-2.2768,0.0285
9142,28,1983-06-04,1983-07-02,29,13.8161,0.4764,-2.4539,0.2939
9142,29,1983-07-22,1983-07-26,5,0.8214,0.1643,-1.5839,0.0104
9142,30,1983-10-15,1983-11-06,23,7.8715,0.3422,-1.8072,0.0086
9142,31,1984-08-15,1984-09-18,35,4.2736,0.1221,-2.0278,0.013
9142,32,1985-07-09,1985-07-29,21,9.9753,0.475,-2.0812,0.096
9142,33,1985-08-11,1986-02-09,183,96.3637,0.5266,-2.7326,0.7877
9142,34,1986-06-09,1986-09-17,101,69.3219,0.6864,-2.6494,0.5238
9142,35,1986-09-29,1986-10-12,14,4.4561,0.3183,-1.9018,0.0199
9142,36,1987-01-14,1987-01-24,11,1.1355,0.1032,-2.2039,0.0245
9142,37,1987-09-08,1987-09-23,16,1.4187,0.0887,-1.6617,0.0009
9142,38,1988-11-01,1988-11-07,7,1.5561,0.2223,-1.7797,0.0026
9142,39,1988-11-30,1988-12-30,31,21.008,0.6777,-2.8525,0.3299
9142,40,1989-01-11,1989-02-24,45,34.0242,0.7561,-3.7801,0.4939
9142,41,1989-03-24,1989-03-28,5,0.4638,0.0928,-1.4304,0.0074
9142,42,1989-06-28,1989-07-20,23,2.7175,0.1182,-2.0411,0.0464
9142,43,1989-08-08,1989-11-05,90,28.4387,0.316,-3.2172,0.0963
9142,44,1990-03-19,1990-03-30,12,1.6884,0.1407,-1.6129,0.0386
9142,45,1990-09-05,1990-09-30,26,5.7311,0.2204,-2.3983,0.0177
9142,46,1990-12-10,1990-12-26,17,3.3088,0.1946,-1.9262,0.0717
9142,47,1992-03-02,1992-03-27,26,3.6128,0.139,-1.5211,0.0449
9142,48,1993-01-24,1993-01-29,6,0.9,0.15,-1.5384,0.0259
9142,49,1993-02-17,1993-03-08,20,5.9798,0.299,-2.0801,0.107
9142,50,1993-08-17,1993-09-21,36,1.8736,0.052,-1.7202,0.0028
9142,51,1994-04-27,1994-05-06,10,6.7253,0.6725,-2.5026,0.2141
9142,52,1994-06-05,1994-10-18,136,43.5972,0.3206,-2.5766,0.3149
9142,53,1994-12-17,1994-12-29,13,1.8426,0.1417,-1.7931,0.0533
9142,54,1995-02-13,1995-07-08,146,107.6117,0.7371,-3.5198,2.7361
9142,55,1995-10-24,1995-11-22,30,4.422,0.1474,-1.7404,0.0092
9142,56,1996-06-06,1996-06-18,13,3.1173,0.2398,-1.658,0.0614
9142,57,1997-03-22,1997-06-20,91,22.6358,0.2487,-1.9862,0.8713
9142,58,1998-12-02,1998-12-21,20,8.21,0.4105,-2.0331,0.1462
9142,59,1999-01-13,1999-02-18,37,5.9056,0.1596,-2.1039,0.1386
9142,60,1999-03-02,1999-03-21,20,1.2762,0.0638,-1.7336,0.0169
9142,61,1999-04-14,1999-04-18,5,0.417,0.0834,-1.385,0.0
9142,62,1999-05-06,1999-06-01,27,9.8965,0.3665,-1.7778,0.4159
9142,63,2000-01-02,2000-04-01,91,22.2915,0.245,-2.2131,0.5082
9142,64,2000-04-19,2000-05-09,21,6.2005,0.2953,-1.6654,0.2542
9142,65,2001-02-18,2001-03-01,12,0.1457,0.0121,-1.3466,0.0005
9142,66,2001-04-17,2001-04-23,7,1.1507,0.1644,-1.5537,0.0333
9142,67,2002-02-26,2002-06-16,111,28.5857,0.2575,-2.1307,0.9846
9142,68,2002-12-25,2003-01-02,9,0.8369,0.093,-1.6074,0.0363
9142,69,2005-01-05,2005-02-12,39,10.244,0.2627,-1.7635,0.2392
9142,70,2005-02-28,2005-03-08,9,1.8869,0.2097,-1.636,0.0228
9142,71,2005-04-21,2005-05-02,12,0.7359,0.0613,-1.4173,0.0207
9142,72,2005-12-25,2005-12-29,5,0.2993,0.0599,-1.3679,0.0192
9142,73,2006-01-24,2006-03-03,39,7.5097,0.1926,-1.8531,0.1678
9142,74,2006-03-16,2006-04-04,20,2.0683,0.1034,-1.6354,0.053
9142,75,2007-02-27,2007-03-08,10,0.2322,0.0232,-1.3624,0.0007
9142,76,2008-03-27,2008-04-29,34,1.6525,0.0486,-1.4897,0.0658
9142,77,2008-05-15,2008-05-29,15,3.3029,0.2202,-1.8432,0.1433
9142,78,2010-03-06,2010-03-16,11,1.611,0.1465,-1.6284,0.0149
9142,79,2010-03-28,2010-04-25,29,0.3751,0.0129,-1.337,0.0294
9142,80,2012-03-08,2012-04-08,32,10.2143,0.3192,-1.9394,0.3228
9142,81,2012-04-21,2012-05-15,25,5.9034,0.2361,-1.7534,0.2602
9142,82,2018-02-25,2018-03-08,12,0.1507,0.0126,-1.3804,0.0035
9142,83,2019-05-14,2019-06-02,20,1.1205,0.056,-1.4464,0.0551
9150,1,1961-04-11,1961-04-18,8,1.8586,0.2323,-1.8891,0.0106
9150,2,1961-08-02,1961-08-31,30,36.8172,1.2272,-2.6275,0.0441
9150,3,1963-03-13,1963-03-19,7,1.2087,0.1727,-1.5241,0.0
9150,4,1964-01-27,1964-02-21,26,1.981,0.0762,-1.6087,0.0048
9150,5,1965-06-10,1965-06-17,8,1.117,0.1396,-1.5453,0.0016
9150,6,1967-05-07,1967-05-31,25,2.9209,0.1168,-1.7279,0.0048
9150,7,1971-02-12,1971-03-21,38,7.7422,0.2037,-1.6471,0.0099
9150,8,1971-05-09,1971-05-14,6,0.6141,0.1024,-1.4463,0.0
9150,9,1976-01-16,1976-01-28,13,1.8525,0.1425,-1.5375,0.0047
9150,10,1976-06-15,1976-07-03,19,1.9648,0.1034,-1.7056,0.0043
9150,11,1977-03-13,1977-03-18,6,0.7337,0.1223,-1.4112,0.0
9150,12,1988-11-22,1988-12-02,11,0.9107,0.0828,-1.4396,0.001
9150,13,1988-12-30,1989-02-24,57,18.0578,0.3168,-1.873,0.0484
9150,14,1989-03-25,1989-04-03,10,3.5284,0.3528,-1.6541,0.0101
9150,15,1989-10-18,1989-11-04,18,7.7491,0.4305,-3.4613,0.0059
9150,16,1989-12-05,1990-02-12,70,31.4583,0.4494,-2.184,0.0664
9150,17,1990-02-24,1990-04-19,55,18.7118,0.3402,-1.7535,0.0672
9150,18,1990-05-05,1990-05-17,13,6.3457,0.4881,-1.9618,0.0125
9150,19,1993-03-13,1993-04-14,33,2.3298,0.0706,-1.5241,0.0
9150,20,1994-03-16,1994-04-06,22,2.0134,0.0915,-1.6498,0.0033
9150,21,1994-05-05,1994-06-16,43,5.5419,0.1289,-2.0733,0.0097
9150,22,1994-06-28,1994-08-30,64,29.3988,0.4594,-2.4185,0.0284
9150,23,1994-11-27,1994-12-20,24,23.9595,0.9983,-2.8489,0.0263
9150,24,1995-04-08,1995-06-02,56,14.3802,0.2568,-2.0704,0.0431
9150,25,1995-10-22,1995-12-23,63,16.0678,0.255,-2.7965,0.0188
9150,26,1996-04-06,1996-05-22,47,2.6115,0.0556,-1.6055,0.0019
9150,27,1996-07-29,1996-08-29,32,3.616,0.113,-1.6095,0.0008
9150,28,1996-10-10,1996-11-22,44,15.2444,0.3465,-2.3411,0.0165
9150,29,1997-03-29,1997-05-31,64,33.2671,0.5198,-2.1636,0.1193
9150,30,1998-07-24,1998-08-30,38,4.6627,0.1227,-1.7959,0.0005
9150,31,1998-10-22,1998-11-25,35,7.4772,0.2136,-2.1444,0.0077
9150,32,1999-07-07,1999-09-24,80,32.5985,0.4075,-3.0449,0.0266
9150,33,1999-10-26,1999-11-12,18,4.222,0.2346,-2.0144,0.0034
9150,34,2000-01-18,2000-04-09,83,52.0346,0.6269,-2.3291,0.2049
9150,35,2000-05-18,2000-07-05,49,12.8493,0.2622,-2.2079,0.0275
9150,36,2000-07-20,2000-09-08,51,5.1085,0.1002,-1.6992,0.001
9150,37,2001-05-19,2001-09-17,122,27.6919,0.227,-2.2884,0.0316
9150,38,2001-11-01,2001-11-12,12,2.4759,0.2063,-1.7367,0.0016
9150,39,2001-11-27,2002-08-30,277,81.0976,0.2928,-2.5834,0.2282
9150,40,2003-06-14,2003-08-28,76,34.9073,0.4593,-2.6609,0.0413
9150,41,2004-06-03,2004-06-15,13,2.4751,0.1904,-1.6474,0.0072
9150,42,2004-08-12,2004-08-22,11,0.3877,0.0352,-1.3729,0.0
9150,43,2005-08-05,2005-10-27,84,35.9267,0.4277,-2.1876,0.0285
9150,44,2006-02-17,2006-02-25,9,1.031,0.1146,-1.4326,0.0
9150,45,2006-07-21,2006-10-05,77,27.5519,0.3578,-2.4764,0.02
9150,46,2006-10-27,2006-11-15,20,4.6531,0.2327,-1.8542,0.0042
9150,47,2006-12-29,2007-01-30,33,23.0079,0.6972,-3.5809,0.0443
9150,48,2007-12-14,2008-01-08,26,6.8017,0.2616,-1.8995,0.0117
9150,49,2008-01-26,2008-03-21,56,23.8668,0.4262,-2.1645,0.0702
9150,50,2008-10-21,2008-10-27,7,0.4738,0.0677,-1.3921,0.0
9150,51,2009-08-11,2009-08-30,20,1.0478,0.0524,-1.3888,0.0
9150,52,2011-01-27,2011-02-20,25,2.3633,0.0945,-1.6773,0.0039
9150,53,2011-05-09,2011-05-19,11,1.5139,0.1376,-1.5606,0.0004
9150,54,2011-11-13,2012-05-18,188,105.3916,0.5606,-2.5068,0.3833
9150,55,2015-10-08,2015-11-02,26,33.2974,1.2807,-2.8636,0.0228
9150,56,2015-12-14,2016-01-03,21,3.6509,0.1739,-1.6337,0.0077
9150,57,2016-09-08,2016-09-12,5,4.0694,0.8139,-2.1171,0.003
9150,58,2016-10-06,2016-11-20,46,19.7751,0.4299,-2.1923,0.0189
9150,59,2016-12-13,2017-01-10,29,11.0456,0.3809,-2.5998,0.0203
9150,60,2017-09-12,2017-12-26,106,58.6038,0.5529,-3.185,0.0565
9150,61,2018-10-24,2018-10-28,5,3.6169,0.7234,-2.0359,0.003
9150,62,2019-03-08,2019-05-19,73,20.2648,0.2776,-1.9262,0.0689
9150,63,2019-06-07,2019-07-23,47,19.8197,0.4217,-2.3742,0.0352
9150,64,2019-08-30,2019-09-15,17,12.9025,0.759,-2.1276,0.01
9150,65,2019-09-29,2019-10-19,21,13.084,0.623,-2.2584,0.0113
9150,66,2020-02-15,2020-03-01,16,4.8616,0.3038,-1.7671,0.0123
9150,67,2020-07-16,2020-08-08,24,13.1195,0.5466,-2.2996,0.0085
9150,68,2020-09-06,2020-09-18,13,10.3545,0.7965,-2.1599,0.0075
9150,69,2020-11-12,2020-12-03,22,4.1062,0.1866,-1.8268,0.0059
